root://eospublic.cern.ch//eos/opendata/cms/Run2016G/SingleMuon/NANOAOD/UL2016_MiniAODv2_NanoAODv9-v1/130000/0A4230E2-0C75-604D-890F-A4CE5E5C164E.root	2351733902	adler32:d27f9185
root://eospublic.cern.ch//eos/opendata/cms/Run2016G/SingleMuon/NANOAOD/UL2016_MiniAODv2_NanoAODv9-v1/130000/143F9660-3FE1-3E4E-A58D-FD56967BA9B8.root	864549133	adler32:46001149
root://eospublic.cern.ch//eos/opendata/cms/Run2016G/SingleMuon/NANOAOD/UL2016_MiniAODv2_NanoAODv9-v1/130000/1D280BA6-2EBB-A544-91EB-E821F3CF0B06.root	1195960452	adler32:f5f2bd4c
root://eospublic.cern.ch//eos/opendata/cms/Run2016G/SingleMuon/NANOAOD/UL2016_MiniAODv2_NanoAODv9-v1/130000/5E060727-1BCF-1F40-BBD8-D6841127F7BA.root	2050588232	adler32:c6721732
root://eospublic.cern.ch//eos/opendata/cms/Run2016G/SingleMuon/NANOAOD/UL2016_MiniAODv2_NanoAODv9-v1/130000/A1DF7082-FF8C-114D-BA6C-FC0EDFDF61B2.root	1755722253	adler32:e5915e6f
root://eospublic.cern.ch//eos/opendata/cms/Run2016G/SingleMuon/NANOAOD/UL2016_MiniAODv2_NanoAODv9-v1/130000/A3279183-BDA6-F44C-8EF3-C063BC598B68.root	2611403726	adler32:0eb7480a
root://eospublic.cern.ch//eos/opendata/cms/Run2016G/SingleMuon/NANOAOD/UL2016_MiniAODv2_NanoAODv9-v1/130000/ABAF299E-EAF9-5043-B89B-1D13A9475BBC.root	2339278517	adler32:2985f6b5
root://eospublic.cern.ch//eos/opendata/cms/Run2016G/SingleMuon/NANOAOD/UL2016_MiniAODv2_NanoAODv9-v1/130000/B7EEE475-047D-CA4D-B680-617FE16540AC.root	1202879926	adler32:fe09cbd9
root://eospublic.cern.ch//eos/opendata/cms/Run2016G/SingleMuon/NANOAOD/UL2016_MiniAODv2_NanoAODv9-v1/130000/BC07CDBA-E54A-AD4A-BC24-960043783955.root	2541777862	adler32:b71726aa
root://eospublic.cern.ch//eos/opendata/cms/Run2016G/SingleMuon/NANOAOD/UL2016_MiniAODv2_NanoAODv9-v1/130000/C144B7AE-E8C0-9D40-BECF-D027FA604946.root	2617389139	adler32:7aeb9b95
root://eospublic.cern.ch//eos/opendata/cms/Run2016G/SingleMuon/NANOAOD/UL2016_MiniAODv2_NanoAODv9-v1/130000/C760C7A6-E4AB-E447-93BB-1EAD0177DB41.root	2556160726	adler32:eeacd553
root://eospublic.cern.ch//eos/opendata/cms/Run2016G/SingleMuon/NANOAOD/UL2016_MiniAODv2_NanoAODv9-v1/130000/D2392663-56C1-5849-A224-28CD5251166A.root	2208617317	adler32:58fe7c20
root://eospublic.cern.ch//eos/opendata/cms/Run2016G/SingleMuon/NANOAOD/UL2016_MiniAODv2_NanoAODv9-v1/130000/D2C497A2-F632-AC4B-8655-1ACA9F2A43DE.root	1769304747	adler32:02328f90
root://eospublic.cern.ch//eos/opendata/cms/Run2016G/SingleMuon/NANOAOD/UL2016_MiniAODv2_NanoAODv9-v1/130000/EA9DD56A-11DE-AE48-8E43-07852D3E3694.root	2148189034	adler32:edd44fbd
root://eospublic.cern.ch//eos/opendata/cms/Run2016G/SingleMuon/NANOAOD/UL2016_MiniAODv2_NanoAODv9-v1/130000/F361D15A-F30D-4D45-8874-446B7450D4BF.root	2597701831	adler32:e5480cf2
root://eospublic.cern.ch//eos/opendata/cms/Run2016G/SingleMuon/NANOAOD/UL2016_MiniAODv2_NanoAODv9-v1/130000/F9ECEECC-1226-DC4C-BD06-0C218B250D60.root	906550438	adler32:57c73512
root://eospublic.cern.ch//eos/opendata/cms/Run2016G/SingleMuon/NANOAOD/UL2016_MiniAODv2_NanoAODv9-v1/130000/FD262A89-0289-F941-9494-5FD7556833B4.root	1717093648	adler32:f6c48716
root://eospublic.cern.ch//eos/opendata/cms/Run2016G/SingleMuon/NANOAOD/UL2016_MiniAODv2_NanoAODv9-v1/70000/044B8A93-571B-0F46-BBC4-FFEDD253984D.root	1232604786	adler32:85d77b13
root://eospublic.cern.ch//eos/opendata/cms/Run2016G/SingleMuon/NANOAOD/UL2016_MiniAODv2_NanoAODv9-v1/70000/070EC05A-1BD0-B940-A8D2-AD6650144A72.root	1642130891	adler32:9362749f
root://eospublic.cern.ch//eos/opendata/cms/Run2016G/SingleMuon/NANOAOD/UL2016_MiniAODv2_NanoAODv9-v1/70000/08BEF135-37C0-F145-88E9-63F7A10D3BC7.root	1552630850	adler32:5253079f
root://eospublic.cern.ch//eos/opendata/cms/Run2016G/SingleMuon/NANOAOD/UL2016_MiniAODv2_NanoAODv9-v1/70000/0FE0804D-33EA-7C41-A968-132B08494EA6.root	2648698055	adler32:e2fe9a7c
root://eospublic.cern.ch//eos/opendata/cms/Run2016G/SingleMuon/NANOAOD/UL2016_MiniAODv2_NanoAODv9-v1/70000/10573E58-8061-F349-B708-275CD2609AF7.root	1398658592	adler32:a05203b1
root://eospublic.cern.ch//eos/opendata/cms/Run2016G/SingleMuon/NANOAOD/UL2016_MiniAODv2_NanoAODv9-v1/70000/16CB6056-D4D5-2046-9D30-82D8985F831F.root	1492881804	adler32:049411d4
root://eospublic.cern.ch//eos/opendata/cms/Run2016G/SingleMuon/NANOAOD/UL2016_MiniAODv2_NanoAODv9-v1/70000/1BE80946-8275-7A46-842F-6DBDB9193FAD.root	2492717122	adler32:1da78618
root://eospublic.cern.ch//eos/opendata/cms/Run2016G/SingleMuon/NANOAOD/UL2016_MiniAODv2_NanoAODv9-v1/70000/1D772C99-43DE-2749-9EFF-0A5DFFC5EFD8.root	1614296321	adler32:0a0ae803
root://eospublic.cern.ch//eos/opendata/cms/Run2016G/SingleMuon/NANOAOD/UL2016_MiniAODv2_NanoAODv9-v1/70000/1E594251-5C49-3649-9413-14663553AE7D.root	1168184741	adler32:86038659
root://eospublic.cern.ch//eos/opendata/cms/Run2016G/SingleMuon/NANOAOD/UL2016_MiniAODv2_NanoAODv9-v1/70000/20CCC9D4-0AD5-9E42-B642-DE86F25153ED.root	2167162710	adler32:0ece605d
root://eospublic.cern.ch//eos/opendata/cms/Run2016G/SingleMuon/NANOAOD/UL2016_MiniAODv2_NanoAODv9-v1/70000/23734531-415C-BD43-83DE-94E787D3F57C.root	1399934208	adler32:e6a9bf4a
root://eospublic.cern.ch//eos/opendata/cms/Run2016G/SingleMuon/NANOAOD/UL2016_MiniAODv2_NanoAODv9-v1/70000/247E64DA-FE25-DB4E-ACFE-034455CFD3EB.root	1814561840	adler32:572d37a4
root://eospublic.cern.ch//eos/opendata/cms/Run2016G/SingleMuon/NANOAOD/UL2016_MiniAODv2_NanoAODv9-v1/70000/25DEFBD5-45E9-544B-9E88-B1D3ED80EFFA.root	1413402097	adler32:31f1fb22
root://eospublic.cern.ch//eos/opendata/cms/Run2016G/SingleMuon/NANOAOD/UL2016_MiniAODv2_NanoAODv9-v1/70000/261B08A0-22B5-5149-B00E-F9A774477005.root	1046837890	adler32:68a89196
root://eospublic.cern.ch//eos/opendata/cms/Run2016G/SingleMuon/NANOAOD/UL2016_MiniAODv2_NanoAODv9-v1/70000/266B2CD6-17D4-C04F-B1FD-445C371464E4.root	1777082279	adler32:12253e1e
root://eospublic.cern.ch//eos/opendata/cms/Run2016G/SingleMuon/NANOAOD/UL2016_MiniAODv2_NanoAODv9-v1/70000/37B993E8-7A11-6141-B42F-C20F3F6BB2D0.root	1031394547	adler32:8ad8e867
root://eospublic.cern.ch//eos/opendata/cms/Run2016G/SingleMuon/NANOAOD/UL2016_MiniAODv2_NanoAODv9-v1/70000/3ADD6FD9-5B2A-1441-BC2E-D68FDA486B4B.root	1379609703	adler32:518669ba
root://eospublic.cern.ch//eos/opendata/cms/Run2016G/SingleMuon/NANOAOD/UL2016_MiniAODv2_NanoAODv9-v1/70000/473F6C9A-F7AF-2640-886D-D814F98886D8.root	1904187752	adler32:87eed553
root://eospublic.cern.ch//eos/opendata/cms/Run2016G/SingleMuon/NANOAOD/UL2016_MiniAODv2_NanoAODv9-v1/70000/51E1A1D8-FBF4-0E45-9F37-FBFD4B5A7A09.root	1413818053	adler32:5ac5f062
root://eospublic.cern.ch//eos/opendata/cms/Run2016G/SingleMuon/NANOAOD/UL2016_MiniAODv2_NanoAODv9-v1/70000/5553FFE8-D1DF-9842-9F49-16BB8EFFD4A3.root	1760640409	adler32:d8d14939
root://eospublic.cern.ch//eos/opendata/cms/Run2016G/SingleMuon/NANOAOD/UL2016_MiniAODv2_NanoAODv9-v1/70000/5709DEB4-AAE5-7949-975C-119CF30ABA70.root	1345373447	adler32:ce38eac2
root://eospublic.cern.ch//eos/opendata/cms/Run2016G/SingleMuon/NANOAOD/UL2016_MiniAODv2_NanoAODv9-v1/70000/59905258-7CCF-BB41-AF01-D9FCBBECC03D.root	1490341537	adler32:3a0b41d5
root://eospublic.cern.ch//eos/opendata/cms/Run2016G/SingleMuon/NANOAOD/UL2016_MiniAODv2_NanoAODv9-v1/70000/5BF83F4E-336D-1641-9576-53FC198765B5.root	1506035126	adler32:f5516373
root://eospublic.cern.ch//eos/opendata/cms/Run2016G/SingleMuon/NANOAOD/UL2016_MiniAODv2_NanoAODv9-v1/70000/5F5E0726-4074-DA46-9AD9-C39389E885EC.root	1711880966	adler32:07bda409
root://eospublic.cern.ch//eos/opendata/cms/Run2016G/SingleMuon/NANOAOD/UL2016_MiniAODv2_NanoAODv9-v1/70000/66A58A5A-4A7F-0546-B370-BABDDE02ADFD.root	1731575034	adler32:11d79224
root://eospublic.cern.ch//eos/opendata/cms/Run2016G/SingleMuon/NANOAOD/UL2016_MiniAODv2_NanoAODv9-v1/70000/6789206B-7C28-5C44-B975-A5EF9D7BC6A0.root	2529399001	adler32:18f596b7
root://eospublic.cern.ch//eos/opendata/cms/Run2016G/SingleMuon/NANOAOD/UL2016_MiniAODv2_NanoAODv9-v1/70000/710A09CB-D2D9-0948-B4EC-6D94FD9F612B.root	1475395925	adler32:b1be5991
root://eospublic.cern.ch//eos/opendata/cms/Run2016G/SingleMuon/NANOAOD/UL2016_MiniAODv2_NanoAODv9-v1/70000/78995FCF-4A0B-364B-8875-9207B74685CF.root	1792640948	adler32:9734dcaf
root://eospublic.cern.ch//eos/opendata/cms/Run2016G/SingleMuon/NANOAOD/UL2016_MiniAODv2_NanoAODv9-v1/70000/7EC9A11A-ACD9-4A46-8770-B7A48670CBBF.root	1371541681	adler32:ec95ee47
root://eospublic.cern.ch//eos/opendata/cms/Run2016G/SingleMuon/NANOAOD/UL2016_MiniAODv2_NanoAODv9-v1/70000/809D6534-33BF-244B-B689-8C63F763959A.root	1392680858	adler32:cd83504a
root://eospublic.cern.ch//eos/opendata/cms/Run2016G/SingleMuon/NANOAOD/UL2016_MiniAODv2_NanoAODv9-v1/70000/8531DBAE-434E-FF45-9647-1FFA5B964660.root	1848301473	adler32:37d8f152
root://eospublic.cern.ch//eos/opendata/cms/Run2016G/SingleMuon/NANOAOD/UL2016_MiniAODv2_NanoAODv9-v1/70000/9110E45A-9003-CB4F-9220-18B2EBFA2B42.root	2287334113	adler32:008f3a44
root://eospublic.cern.ch//eos/opendata/cms/Run2016G/SingleMuon/NANOAOD/UL2016_MiniAODv2_NanoAODv9-v1/70000/92238EFF-D3BC-B745-B707-BB7096790F83.root	1244281829	adler32:3fbdf704
root://eospublic.cern.ch//eos/opendata/cms/Run2016G/SingleMuon/NANOAOD/UL2016_MiniAODv2_NanoAODv9-v1/70000/95AF7A2E-F973-5642-96C6-B37EA7C96FF7.root	1697246640	adler32:1e6f0452
root://eospublic.cern.ch//eos/opendata/cms/Run2016G/SingleMuon/NANOAOD/UL2016_MiniAODv2_NanoAODv9-v1/70000/A3664F2C-DE66-C64E-8471-88F341DBC4BF.root	1609229034	adler32:c79fcc17
root://eospublic.cern.ch//eos/opendata/cms/Run2016G/SingleMuon/NANOAOD/UL2016_MiniAODv2_NanoAODv9-v1/70000/ABF5CD64-0947-964E-8104-84D880B737CD.root	1410225805	adler32:e124a6ea
root://eospublic.cern.ch//eos/opendata/cms/Run2016G/SingleMuon/NANOAOD/UL2016_MiniAODv2_NanoAODv9-v1/70000/ACF68248-100D-D345-80C9-AECE7BCB73AF.root	963018267	adler32:e60f89dd
root://eospublic.cern.ch//eos/opendata/cms/Run2016G/SingleMuon/NANOAOD/UL2016_MiniAODv2_NanoAODv9-v1/70000/AD99EB27-9D69-B74E-981C-F1869AED6582.root	1432376065	adler32:e15c5085
root://eospublic.cern.ch//eos/opendata/cms/Run2016G/SingleMuon/NANOAOD/UL2016_MiniAODv2_NanoAODv9-v1/70000/B02F3578-EDAA-D649-BF16-B0090E99B34A.root	2047945092	adler32:85b9180d
root://eospublic.cern.ch//eos/opendata/cms/Run2016G/SingleMuon/NANOAOD/UL2016_MiniAODv2_NanoAODv9-v1/70000/B61CB2F3-3F7B-C143-B349-C9FE421103AC.root	563593173	adler32:b2b80d66
root://eospublic.cern.ch//eos/opendata/cms/Run2016G/SingleMuon/NANOAOD/UL2016_MiniAODv2_NanoAODv9-v1/70000/BD979CEA-AA60-104B-B656-A2A7ACE54A4B.root	2296445639	adler32:91c6ee52
root://eospublic.cern.ch//eos/opendata/cms/Run2016G/SingleMuon/NANOAOD/UL2016_MiniAODv2_NanoAODv9-v1/70000/C08430A5-EB2C-EB4D-A653-7CA621B11BFC.root	1710250372	adler32:26fc311f
root://eospublic.cern.ch//eos/opendata/cms/Run2016G/SingleMuon/NANOAOD/UL2016_MiniAODv2_NanoAODv9-v1/70000/CC55E1DA-ADBB-0342-A53C-C7B7CFA6AD85.root	1010957104	adler32:dffe0509
root://eospublic.cern.ch//eos/opendata/cms/Run2016G/SingleMuon/NANOAOD/UL2016_MiniAODv2_NanoAODv9-v1/70000/CE1F1724-2933-C44F-829E-0FA4CB49D49A.root	1511163662	adler32:cbddd960
root://eospublic.cern.ch//eos/opendata/cms/Run2016G/SingleMuon/NANOAOD/UL2016_MiniAODv2_NanoAODv9-v1/70000/D5642602-6BA0-E843-B8CC-03B0072E1796.root	1282801696	adler32:ff2c52b9
root://eospublic.cern.ch//eos/opendata/cms/Run2016G/SingleMuon/NANOAOD/UL2016_MiniAODv2_NanoAODv9-v1/70000/DCA6F24D-0006-634B-9964-65CE4B8E70D5.root	1575841558	adler32:aeb6affc
root://eospublic.cern.ch//eos/opendata/cms/Run2016G/SingleMuon/NANOAOD/UL2016_MiniAODv2_NanoAODv9-v1/70000/E5B3AF0A-A0F0-594B-9E72-B9EA1859D549.root	2321144230	adler32:75200bed
root://eospublic.cern.ch//eos/opendata/cms/Run2016G/SingleMuon/NANOAOD/UL2016_MiniAODv2_NanoAODv9-v1/70000/E801FC2F-0877-9F4C-978D-FE9C94B92CAF.root	1637314050	adler32:b536265f
root://eospublic.cern.ch//eos/opendata/cms/Run2016G/SingleMuon/NANOAOD/UL2016_MiniAODv2_NanoAODv9-v1/70000/EAABF77C-A79B-FB4E-B307-7B2F9CFC6C9E.root	2452833056	adler32:5851540c
root://eospublic.cern.ch//eos/opendata/cms/Run2016G/SingleMuon/NANOAOD/UL2016_MiniAODv2_NanoAODv9-v1/70000/EE1BAEDB-88FC-674E-A969-707818596CA4.root	1689945396	adler32:208c8f87
root://eospublic.cern.ch//eos/opendata/cms/Run2016G/SingleMuon/NANOAOD/UL2016_MiniAODv2_NanoAODv9-v1/70000/F24742D6-8BF8-F640-AD2F-063EE84A759F.root	1263762858	adler32:1d267aee
root://eospublic.cern.ch//eos/opendata/cms/Run2016G/SingleMuon/NANOAOD/UL2016_MiniAODv2_NanoAODv9-v1/70000/F3F7C96C-CF45-EB45-918C-9E5A05F8D899.root	2689213412	adler32:482b2221
root://eospublic.cern.ch//eos/opendata/cms/Run2016G/SingleMuon/NANOAOD/UL2016_MiniAODv2_NanoAODv9-v1/70000/F4BB5330-5236-5940-BA0B-F13088D94F5E.root	918679036	adler32:6d9236be
