root://eospublic.cern.ch//eos/opendata/cms/mc/RunIISummer20UL16NanoAODv9/ZToMuMu_M-50To120_TuneCP5_13TeV-powheg-pythia8/NANOAODSIM/106X_mcRun2_asymptotic_v17-v1/260000/14C30754-DB44-DF46-B6EF-BCBDB53A526C.root	27673146	adler32:9739c4f6
root://eospublic.cern.ch//eos/opendata/cms/mc/RunIISummer20UL16NanoAODv9/ZToMuMu_M-50To120_TuneCP5_13TeV-powheg-pythia8/NANOAODSIM/106X_mcRun2_asymptotic_v17-v1/260000/244DB639-C426-A84E-82AE-67A279BDE906.root	11971924	adler32:098d2843
root://eospublic.cern.ch//eos/opendata/cms/mc/RunIISummer20UL16NanoAODv9/ZToMuMu_M-50To120_TuneCP5_13TeV-powheg-pythia8/NANOAODSIM/106X_mcRun2_asymptotic_v17-v1/260000/31C785B6-9ECA-5F4B-AE87-42C462F83B53.root	385751518	adler32:604ae879
root://eospublic.cern.ch//eos/opendata/cms/mc/RunIISummer20UL16NanoAODv9/ZToMuMu_M-50To120_TuneCP5_13TeV-powheg-pythia8/NANOAODSIM/106X_mcRun2_asymptotic_v17-v1/260000/4E1C7442-8644-354D-947B-FEF5A6B6DA13.root	551431586	adler32:5a24d75d
root://eospublic.cern.ch//eos/opendata/cms/mc/RunIISummer20UL16NanoAODv9/ZToMuMu_M-50To120_TuneCP5_13TeV-powheg-pythia8/NANOAODSIM/106X_mcRun2_asymptotic_v17-v1/260000/50F2E118-EA1E-FE42-93CE-2ECF7D733A45.root	34450620	adler32:6b759eb2
root://eospublic.cern.ch//eos/opendata/cms/mc/RunIISummer20UL16NanoAODv9/ZToMuMu_M-50To120_TuneCP5_13TeV-powheg-pythia8/NANOAODSIM/106X_mcRun2_asymptotic_v17-v1/260000/6B3E3DE3-F015-A54A-9BA5-539D99853E33.root	5218060	adler32:64f9e626
root://eospublic.cern.ch//eos/opendata/cms/mc/RunIISummer20UL16NanoAODv9/ZToMuMu_M-50To120_TuneCP5_13TeV-powheg-pythia8/NANOAODSIM/106X_mcRun2_asymptotic_v17-v1/260000/6E852FBD-8E45-0344-9FDF-EB5C0F9F7236.root	5222000	adler32:eea3f297
root://eospublic.cern.ch//eos/opendata/cms/mc/RunIISummer20UL16NanoAODv9/ZToMuMu_M-50To120_TuneCP5_13TeV-powheg-pythia8/NANOAODSIM/106X_mcRun2_asymptotic_v17-v1/260000/8756225E-75A1-9246-B256-44EB53836E3F.root	29885098	adler32:a8626197
root://eospublic.cern.ch//eos/opendata/cms/mc/RunIISummer20UL16NanoAODv9/ZToMuMu_M-50To120_TuneCP5_13TeV-powheg-pythia8/NANOAODSIM/106X_mcRun2_asymptotic_v17-v1/260000/8E0D84EB-084C-7748-ABAC-1C824FFF4A08.root	95795200	adler32:29c0a9d6
root://eospublic.cern.ch//eos/opendata/cms/mc/RunIISummer20UL16NanoAODv9/ZToMuMu_M-50To120_TuneCP5_13TeV-powheg-pythia8/NANOAODSIM/106X_mcRun2_asymptotic_v17-v1/260000/90FD6BEE-299A-124B-9758-AE7CB6AE2E4B.root	291357287	adler32:8a2528c6
root://eospublic.cern.ch//eos/opendata/cms/mc/RunIISummer20UL16NanoAODv9/ZToMuMu_M-50To120_TuneCP5_13TeV-powheg-pythia8/NANOAODSIM/106X_mcRun2_asymptotic_v17-v1/260000/93A3509F-342C-6B4B-8081-84B6B9C6E110.root	158901136	adler32:bb2895cb
root://eospublic.cern.ch//eos/opendata/cms/mc/RunIISummer20UL16NanoAODv9/ZToMuMu_M-50To120_TuneCP5_13TeV-powheg-pythia8/NANOAODSIM/106X_mcRun2_asymptotic_v17-v1/260000/9641C769-A6B3-8C4B-A8F9-7017B53D1C0C.root	36602849	adler32:328258f1
root://eospublic.cern.ch//eos/opendata/cms/mc/RunIISummer20UL16NanoAODv9/ZToMuMu_M-50To120_TuneCP5_13TeV-powheg-pythia8/NANOAODSIM/106X_mcRun2_asymptotic_v17-v1/260000/A0D987BF-0EF9-D34E-B2A4-39CAE4602350.root	14097550	adler32:ea6e746a
root://eospublic.cern.ch//eos/opendata/cms/mc/RunIISummer20UL16NanoAODv9/ZToMuMu_M-50To120_TuneCP5_13TeV-powheg-pythia8/NANOAODSIM/106X_mcRun2_asymptotic_v17-v1/260000/C3DBBAD5-DF33-7B42-A075-D502AF4A8824.root	30880263	adler32:2ab90d8f
root://eospublic.cern.ch//eos/opendata/cms/mc/RunIISummer20UL16NanoAODv9/ZToMuMu_M-50To120_TuneCP5_13TeV-powheg-pythia8/NANOAODSIM/106X_mcRun2_asymptotic_v17-v1/260000/C5A6BCBE-E79A-724D-A6DC-6B5DAC3543D5.root	52238179	adler32:d483f4b3
root://eospublic.cern.ch//eos/opendata/cms/mc/RunIISummer20UL16NanoAODv9/ZToMuMu_M-50To120_TuneCP5_13TeV-powheg-pythia8/NANOAODSIM/106X_mcRun2_asymptotic_v17-v1/260000/CA25D6E0-7B83-844A-828A-9744E567C55A.root	14125488	adler32:20e07e8a
root://eospublic.cern.ch//eos/opendata/cms/mc/RunIISummer20UL16NanoAODv9/ZToMuMu_M-50To120_TuneCP5_13TeV-powheg-pythia8/NANOAODSIM/106X_mcRun2_asymptotic_v17-v1/260000/DA1BF301-762C-5048-A9EB-AB534069FB4B.root	1202911373	adler32:460d71df
root://eospublic.cern.ch//eos/opendata/cms/mc/RunIISummer20UL16NanoAODv9/ZToMuMu_M-50To120_TuneCP5_13TeV-powheg-pythia8/NANOAODSIM/106X_mcRun2_asymptotic_v17-v1/260000/E256F637-808E-F843-8AF7-20E319FD8A45.root	36587125	adler32:810838f9
root://eospublic.cern.ch//eos/opendata/cms/mc/RunIISummer20UL16NanoAODv9/ZToMuMu_M-50To120_TuneCP5_13TeV-powheg-pythia8/NANOAODSIM/106X_mcRun2_asymptotic_v17-v1/260000/F363E31C-B29B-ED41-8E57-C20865796A06.root	122049917	adler32:13004a3b
root://eospublic.cern.ch//eos/opendata/cms/mc/RunIISummer20UL16NanoAODv9/ZToMuMu_M-50To120_TuneCP5_13TeV-powheg-pythia8/NANOAODSIM/106X_mcRun2_asymptotic_v17-v1/260000/F6D1417D-2977-1248-986F-EC27F29EC1F2.root	3768538	adler32:e5d0321b
root://eospublic.cern.ch//eos/opendata/cms/mc/RunIISummer20UL16NanoAODv9/ZToMuMu_M-50To120_TuneCP5_13TeV-powheg-pythia8/NANOAODSIM/106X_mcRun2_asymptotic_v17-v1/270000/12A9C3FE-53A6-6141-BD3F-46ABEECBB093.root	7349998	adler32:273b93bf
root://eospublic.cern.ch//eos/opendata/cms/mc/RunIISummer20UL16NanoAODv9/ZToMuMu_M-50To120_TuneCP5_13TeV-powheg-pythia8/NANOAODSIM/106X_mcRun2_asymptotic_v17-v1/270000/4E47807B-CBA0-844E-A32A-3E3318D327A1.root	33050784	adler32:15b940cd
root://eospublic.cern.ch//eos/opendata/cms/mc/RunIISummer20UL16NanoAODv9/ZToMuMu_M-50To120_TuneCP5_13TeV-powheg-pythia8/NANOAODSIM/106X_mcRun2_asymptotic_v17-v1/270000/839BE9A5-CA8F-9F48-9DF9-4D5F1B57A9BC.root	37737978	adler32:673ec2f4
root://eospublic.cern.ch//eos/opendata/cms/mc/RunIISummer20UL16NanoAODv9/ZToMuMu_M-50To120_TuneCP5_13TeV-powheg-pythia8/NANOAODSIM/106X_mcRun2_asymptotic_v17-v1/270000/A9AA1684-6EF7-4A4D-B1CB-2A28934A1F50.root	20925531	adler32:0adee9df
root://eospublic.cern.ch//eos/opendata/cms/mc/RunIISummer20UL16NanoAODv9/ZToMuMu_M-50To120_TuneCP5_13TeV-powheg-pythia8/NANOAODSIM/106X_mcRun2_asymptotic_v17-v1/270000/C15CEAF6-2A61-3E46-AFE5-498E63810F5C.root	20986484	adler32:8d80c054
root://eospublic.cern.ch//eos/opendata/cms/mc/RunIISummer20UL16NanoAODv9/ZToMuMu_M-50To120_TuneCP5_13TeV-powheg-pythia8/NANOAODSIM/106X_mcRun2_asymptotic_v17-v1/270000/C71B0D6B-7FFB-614D-8681-F0D5C72D8933.root	6304618	adler32:27a15046
root://eospublic.cern.ch//eos/opendata/cms/mc/RunIISummer20UL16NanoAODv9/ZToMuMu_M-50To120_TuneCP5_13TeV-powheg-pythia8/NANOAODSIM/106X_mcRun2_asymptotic_v17-v1/270000/D9208422-94CE-7C49-885F-4462D1AFABD5.root	54600727	adler32:658c5c32
root://eospublic.cern.ch//eos/opendata/cms/mc/RunIISummer20UL16NanoAODv9/ZToMuMu_M-50To120_TuneCP5_13TeV-powheg-pythia8/NANOAODSIM/106X_mcRun2_asymptotic_v17-v1/40000/9C8F4634-6423-A847-952D-6329C59AADFC.root	105281984	adler32:626f1212
