root://eospublic.cern.ch//eos/opendata/cms/mc/RunIISummer20UL16NanoAODv9/DYJetsToLL_M-50_TuneCP5_13TeV-amcatnloFXFX-pythia8/NANOAODSIM/106X_mcRun2_asymptotic_v17-v1/30000/0082C29D-E74C-024A-BE9B-97B29EE7A4A2.root	2452282830	adler32:458a2066
root://eospublic.cern.ch//eos/opendata/cms/mc/RunIISummer20UL16NanoAODv9/DYJetsToLL_M-50_TuneCP5_13TeV-amcatnloFXFX-pythia8/NANOAODSIM/106X_mcRun2_asymptotic_v17-v1/30000/0718C107-8960-6B44-B96A-C60D53D52A95.root	2450858788	adler32:e27716ea
root://eospublic.cern.ch//eos/opendata/cms/mc/RunIISummer20UL16NanoAODv9/DYJetsToLL_M-50_TuneCP5_13TeV-amcatnloFXFX-pythia8/NANOAODSIM/106X_mcRun2_asymptotic_v17-v1/30000/4578E947-084C-C946-9B8D-1B45A126DCED.root	1597439307	adler32:c3f2bfa1
root://eospublic.cern.ch//eos/opendata/cms/mc/RunIISummer20UL16NanoAODv9/DYJetsToLL_M-50_TuneCP5_13TeV-amcatnloFXFX-pythia8/NANOAODSIM/106X_mcRun2_asymptotic_v17-v1/30000/4BD16DC1-5991-6549-9B08-17B67F92A986.root	2452908656	adler32:5bf8d426
root://eospublic.cern.ch//eos/opendata/cms/mc/RunIISummer20UL16NanoAODv9/DYJetsToLL_M-50_TuneCP5_13TeV-amcatnloFXFX-pythia8/NANOAODSIM/106X_mcRun2_asymptotic_v17-v1/30000/500A8824-5BD4-5741-AECD-FE1A7FD0098D.root	2238280318	adler32:9e20f395
root://eospublic.cern.ch//eos/opendata/cms/mc/RunIISummer20UL16NanoAODv9/DYJetsToLL_M-50_TuneCP5_13TeV-amcatnloFXFX-pythia8/NANOAODSIM/106X_mcRun2_asymptotic_v17-v1/30000/52DA0012-7ABA-F94A-A7D3-2FC06E9DF43B.root	2133680306	adler32:d2d120e3
root://eospublic.cern.ch//eos/opendata/cms/mc/RunIISummer20UL16NanoAODv9/DYJetsToLL_M-50_TuneCP5_13TeV-amcatnloFXFX-pythia8/NANOAODSIM/106X_mcRun2_asymptotic_v17-v1/30000/5544E66D-B271-1649-A85B-C08F01375C57.root	2454374741	adler32:c2da2537
root://eospublic.cern.ch//eos/opendata/cms/mc/RunIISummer20UL16NanoAODv9/DYJetsToLL_M-50_TuneCP5_13TeV-amcatnloFXFX-pythia8/NANOAODSIM/106X_mcRun2_asymptotic_v17-v1/30000/61CD4A4E-536B-3746-ACCB-6B573EB82118.root	2452769289	adler32:94d105e2
root://eospublic.cern.ch//eos/opendata/cms/mc/RunIISummer20UL16NanoAODv9/DYJetsToLL_M-50_TuneCP5_13TeV-amcatnloFXFX-pythia8/NANOAODSIM/106X_mcRun2_asymptotic_v17-v1/30000/69C45E78-12E9-3D41-B5EF-DAF915460237.root	1921671472	adler32:0fc55a67
root://eospublic.cern.ch//eos/opendata/cms/mc/RunIISummer20UL16NanoAODv9/DYJetsToLL_M-50_TuneCP5_13TeV-amcatnloFXFX-pythia8/NANOAODSIM/106X_mcRun2_asymptotic_v17-v1/30000/6C3CD8A5-A288-724E-BF9F-BAAC46A4C139.root	747810376	adler32:d1f2f114
root://eospublic.cern.ch//eos/opendata/cms/mc/RunIISummer20UL16NanoAODv9/DYJetsToLL_M-50_TuneCP5_13TeV-amcatnloFXFX-pythia8/NANOAODSIM/106X_mcRun2_asymptotic_v17-v1/30000/6D7ABB90-DD75-964F-A5CD-14D1B21FAB36.root	2450211520	adler32:4288bcf6
root://eospublic.cern.ch//eos/opendata/cms/mc/RunIISummer20UL16NanoAODv9/DYJetsToLL_M-50_TuneCP5_13TeV-amcatnloFXFX-pythia8/NANOAODSIM/106X_mcRun2_asymptotic_v17-v1/30000/7169FB77-0571-7641-B0D4-B4270ABF7B39.root	2455326398	adler32:6dd3df6a
root://eospublic.cern.ch//eos/opendata/cms/mc/RunIISummer20UL16NanoAODv9/DYJetsToLL_M-50_TuneCP5_13TeV-amcatnloFXFX-pythia8/NANOAODSIM/106X_mcRun2_asymptotic_v17-v1/30000/0A995C8D-0ACC-7E45-8C7A-16AC51398938.root	1810368616	adler32:e1c677e0
root://eospublic.cern.ch//eos/opendata/cms/mc/RunIISummer20UL16NanoAODv9/DYJetsToLL_M-50_TuneCP5_13TeV-amcatnloFXFX-pythia8/NANOAODSIM/106X_mcRun2_asymptotic_v17-v1/30000/74356482-D5C8-D546-85D3-416B9012D25D.root	1961643396	adler32:4406ad5f
root://eospublic.cern.ch//eos/opendata/cms/mc/RunIISummer20UL16NanoAODv9/DYJetsToLL_M-50_TuneCP5_13TeV-amcatnloFXFX-pythia8/NANOAODSIM/106X_mcRun2_asymptotic_v17-v1/30000/7AAA7AAD-2378-E547-B014-759BBEAA4C42.root	2453158967	adler32:103c9952
root://eospublic.cern.ch//eos/opendata/cms/mc/RunIISummer20UL16NanoAODv9/DYJetsToLL_M-50_TuneCP5_13TeV-amcatnloFXFX-pythia8/NANOAODSIM/106X_mcRun2_asymptotic_v17-v1/30000/9400079E-20CF-1449-BB3C-A7FCDE90F9BF.root	2454328279	adler32:4da31851
root://eospublic.cern.ch//eos/opendata/cms/mc/RunIISummer20UL16NanoAODv9/DYJetsToLL_M-50_TuneCP5_13TeV-amcatnloFXFX-pythia8/NANOAODSIM/106X_mcRun2_asymptotic_v17-v1/30000/94C0AF7B-6727-F246-8E57-384384DADE87.root	2455890487	adler32:53e473ed
root://eospublic.cern.ch//eos/opendata/cms/mc/RunIISummer20UL16NanoAODv9/DYJetsToLL_M-50_TuneCP5_13TeV-amcatnloFXFX-pythia8/NANOAODSIM/106X_mcRun2_asymptotic_v17-v1/30000/969B7293-8E74-2A40-8D14-B33204BD6401.root	2443600056	adler32:f743cb37
root://eospublic.cern.ch//eos/opendata/cms/mc/RunIISummer20UL16NanoAODv9/DYJetsToLL_M-50_TuneCP5_13TeV-amcatnloFXFX-pythia8/NANOAODSIM/106X_mcRun2_asymptotic_v17-v1/30000/9D579D34-7A90-DF4E-BD6B-A0E9565CF455.root	2453983519	adler32:a61b356e
root://eospublic.cern.ch//eos/opendata/cms/mc/RunIISummer20UL16NanoAODv9/DYJetsToLL_M-50_TuneCP5_13TeV-amcatnloFXFX-pythia8/NANOAODSIM/106X_mcRun2_asymptotic_v17-v1/30000/9EDE17FC-CAB6-A146-9714-F1C496F1CBE2.root	2452171663	adler32:824c574a
root://eospublic.cern.ch//eos/opendata/cms/mc/RunIISummer20UL16NanoAODv9/DYJetsToLL_M-50_TuneCP5_13TeV-amcatnloFXFX-pythia8/NANOAODSIM/106X_mcRun2_asymptotic_v17-v1/30000/A17A523B-378F-9A4F-89D6-71C80D612F4E.root	2452274659	adler32:c40ee6d5
root://eospublic.cern.ch//eos/opendata/cms/mc/RunIISummer20UL16NanoAODv9/DYJetsToLL_M-50_TuneCP5_13TeV-amcatnloFXFX-pythia8/NANOAODSIM/106X_mcRun2_asymptotic_v17-v1/30000/A2058F3B-C2A2-4E43-B963-6C5A4DC8084B.root	1494018430	adler32:87cde994
root://eospublic.cern.ch//eos/opendata/cms/mc/RunIISummer20UL16NanoAODv9/DYJetsToLL_M-50_TuneCP5_13TeV-amcatnloFXFX-pythia8/NANOAODSIM/106X_mcRun2_asymptotic_v17-v1/30000/A20C5B1A-2CFF-7B42-82A4-06347D0856A7.root	2453900673	adler32:90ba8db8
root://eospublic.cern.ch//eos/opendata/cms/mc/RunIISummer20UL16NanoAODv9/DYJetsToLL_M-50_TuneCP5_13TeV-amcatnloFXFX-pythia8/NANOAODSIM/106X_mcRun2_asymptotic_v17-v1/30000/18C499E2-9229-DC45-A68F-6A40600A5C8E.root	2239519418	adler32:086af98c
root://eospublic.cern.ch//eos/opendata/cms/mc/RunIISummer20UL16NanoAODv9/DYJetsToLL_M-50_TuneCP5_13TeV-amcatnloFXFX-pythia8/NANOAODSIM/106X_mcRun2_asymptotic_v17-v1/30000/AE5A627E-C8D7-974F-9698-C136D2BFFF1D.root	2453325666	adler32:294879ff
root://eospublic.cern.ch//eos/opendata/cms/mc/RunIISummer20UL16NanoAODv9/DYJetsToLL_M-50_TuneCP5_13TeV-amcatnloFXFX-pythia8/NANOAODSIM/106X_mcRun2_asymptotic_v17-v1/30000/AF650968-C8A8-9043-9BBB-F83AE7726FEE.root	2450755947	adler32:c935d55c
root://eospublic.cern.ch//eos/opendata/cms/mc/RunIISummer20UL16NanoAODv9/DYJetsToLL_M-50_TuneCP5_13TeV-amcatnloFXFX-pythia8/NANOAODSIM/106X_mcRun2_asymptotic_v17-v1/30000/C3A045B1-F50D-C540-8AD5-2F32956D4AA1.root	2455986111	adler32:1915f04b
root://eospublic.cern.ch//eos/opendata/cms/mc/RunIISummer20UL16NanoAODv9/DYJetsToLL_M-50_TuneCP5_13TeV-amcatnloFXFX-pythia8/NANOAODSIM/106X_mcRun2_asymptotic_v17-v1/30000/D05EF786-4706-D045-A152-4A81F06EDB04.root	2450713859	adler32:f53f219a
root://eospublic.cern.ch//eos/opendata/cms/mc/RunIISummer20UL16NanoAODv9/DYJetsToLL_M-50_TuneCP5_13TeV-amcatnloFXFX-pythia8/NANOAODSIM/106X_mcRun2_asymptotic_v17-v1/30000/D20B2931-4C27-FF4E-B640-3404DFD65150.root	2454813000	adler32:2e0e4cb2
root://eospublic.cern.ch//eos/opendata/cms/mc/RunIISummer20UL16NanoAODv9/DYJetsToLL_M-50_TuneCP5_13TeV-amcatnloFXFX-pythia8/NANOAODSIM/106X_mcRun2_asymptotic_v17-v1/30000/D6094FF2-1AAE-784B-9991-AA8441B9FB45.root	2450809445	adler32:d13bec2c
root://eospublic.cern.ch//eos/opendata/cms/mc/RunIISummer20UL16NanoAODv9/DYJetsToLL_M-50_TuneCP5_13TeV-amcatnloFXFX-pythia8/NANOAODSIM/106X_mcRun2_asymptotic_v17-v1/30000/E0984EEB-ED4B-B84C-BDB7-845E8A2AB85C.root	2456740640	adler32:fdb45e6f
root://eospublic.cern.ch//eos/opendata/cms/mc/RunIISummer20UL16NanoAODv9/DYJetsToLL_M-50_TuneCP5_13TeV-amcatnloFXFX-pythia8/NANOAODSIM/106X_mcRun2_asymptotic_v17-v1/30000/E215B4B9-11EA-D84F-A6D7-9FE57515B2CE.root	2454974623	adler32:4ff3d76b
root://eospublic.cern.ch//eos/opendata/cms/mc/RunIISummer20UL16NanoAODv9/DYJetsToLL_M-50_TuneCP5_13TeV-amcatnloFXFX-pythia8/NANOAODSIM/106X_mcRun2_asymptotic_v17-v1/30000/E82ACE74-60DA-DC41-A2B0-EF750C4AB5E5.root	1592385016	adler32:31595b22
root://eospublic.cern.ch//eos/opendata/cms/mc/RunIISummer20UL16NanoAODv9/DYJetsToLL_M-50_TuneCP5_13TeV-amcatnloFXFX-pythia8/NANOAODSIM/106X_mcRun2_asymptotic_v17-v1/30000/E94099CB-E3C8-EB43-B182-4EA89C7C5411.root	2456861929	adler32:6d89956f
root://eospublic.cern.ch//eos/opendata/cms/mc/RunIISummer20UL16NanoAODv9/DYJetsToLL_M-50_TuneCP5_13TeV-amcatnloFXFX-pythia8/NANOAODSIM/106X_mcRun2_asymptotic_v17-v1/30000/18DA8B20-842D-0741-BAFB-1A1C7C522921.root	1388616387	adler32:bf31fe2f
root://eospublic.cern.ch//eos/opendata/cms/mc/RunIISummer20UL16NanoAODv9/DYJetsToLL_M-50_TuneCP5_13TeV-amcatnloFXFX-pythia8/NANOAODSIM/106X_mcRun2_asymptotic_v17-v1/30000/ED08B6D8-2823-D24D-B1BA-1141EA893E7B.root	2452030828	adler32:02c7ad48
root://eospublic.cern.ch//eos/opendata/cms/mc/RunIISummer20UL16NanoAODv9/DYJetsToLL_M-50_TuneCP5_13TeV-amcatnloFXFX-pythia8/NANOAODSIM/106X_mcRun2_asymptotic_v17-v1/30000/196F07F8-8EC2-6A48-9036-8B7804B71A1F.root	1598779438	adler32:41b3d2c6
root://eospublic.cern.ch//eos/opendata/cms/mc/RunIISummer20UL16NanoAODv9/DYJetsToLL_M-50_TuneCP5_13TeV-amcatnloFXFX-pythia8/NANOAODSIM/106X_mcRun2_asymptotic_v17-v1/30000/1D85E077-414B-0349-A901-CD6B3B3C349D.root	2427087689	adler32:a0746fc7
root://eospublic.cern.ch//eos/opendata/cms/mc/RunIISummer20UL16NanoAODv9/DYJetsToLL_M-50_TuneCP5_13TeV-amcatnloFXFX-pythia8/NANOAODSIM/106X_mcRun2_asymptotic_v17-v1/30000/226E10F4-29BC-CF45-B8BF-31B13B4EC1CE.root	2453337975	adler32:35cfce30
root://eospublic.cern.ch//eos/opendata/cms/mc/RunIISummer20UL16NanoAODv9/DYJetsToLL_M-50_TuneCP5_13TeV-amcatnloFXFX-pythia8/NANOAODSIM/106X_mcRun2_asymptotic_v17-v1/30000/4046329B-AF7C-6142-9B76-7EE37FB93DCD.root	2229491235	adler32:b683be49
root://eospublic.cern.ch//eos/opendata/cms/mc/RunIISummer20UL16NanoAODv9/DYJetsToLL_M-50_TuneCP5_13TeV-amcatnloFXFX-pythia8/NANOAODSIM/106X_mcRun2_asymptotic_v17-v1/30000/440A3E55-6EE5-3642-B16C-F7FC5FAB5081.root	2021098610	adler32:2221bf5f
