root://eospublic.cern.ch//eos/opendata/cms/mc/RunIISummer20UL16NanoAODv9/DYJetsToLL_M-50_TuneCP5_13TeV-madgraphMLM-pythia8/NANOAODSIM/106X_mcRun2_asymptotic_v17-v1/40000/14B6A8AE-C9FE-D744-80A4-DDE5D008C1CD.root	1691749981	adler32:e8fc3aa8
root://eospublic.cern.ch//eos/opendata/cms/mc/RunIISummer20UL16NanoAODv9/DYJetsToLL_M-50_TuneCP5_13TeV-madgraphMLM-pythia8/NANOAODSIM/106X_mcRun2_asymptotic_v17-v1/40000/1542B5DE-398C-0A4E-A970-9CD38709B98F.root	1389527748	adler32:5fac4e4a
root://eospublic.cern.ch//eos/opendata/cms/mc/RunIISummer20UL16NanoAODv9/DYJetsToLL_M-50_TuneCP5_13TeV-madgraphMLM-pythia8/NANOAODSIM/106X_mcRun2_asymptotic_v17-v1/40000/3FB202CC-6420-5C4A-AFEA-2BB298AA25CD.root	2483142297	adler32:81c8bd6e
root://eospublic.cern.ch//eos/opendata/cms/mc/RunIISummer20UL16NanoAODv9/DYJetsToLL_M-50_TuneCP5_13TeV-madgraphMLM-pythia8/NANOAODSIM/106X_mcRun2_asymptotic_v17-v1/40000/4039CEC9-8593-4945-AA93-050F21E8E593.root	2482820199	adler32:083fbbd6
root://eospublic.cern.ch//eos/opendata/cms/mc/RunIISummer20UL16NanoAODv9/DYJetsToLL_M-50_TuneCP5_13TeV-madgraphMLM-pythia8/NANOAODSIM/106X_mcRun2_asymptotic_v17-v1/40000/407458CF-EE34-2642-A044-5E0B505991FC.root	2483855578	adler32:73d84bac
root://eospublic.cern.ch//eos/opendata/cms/mc/RunIISummer20UL16NanoAODv9/DYJetsToLL_M-50_TuneCP5_13TeV-madgraphMLM-pythia8/NANOAODSIM/106X_mcRun2_asymptotic_v17-v1/40000/488285BF-DA04-914A-8D07-72E5342923DD.root	2090658163	adler32:af0d6ead
root://eospublic.cern.ch//eos/opendata/cms/mc/RunIISummer20UL16NanoAODv9/DYJetsToLL_M-50_TuneCP5_13TeV-madgraphMLM-pythia8/NANOAODSIM/106X_mcRun2_asymptotic_v17-v1/40000/4B9EE242-BFEC-D14F-9D4A-B6682A4E1B7C.root	1349862952	adler32:9ee4d6de
root://eospublic.cern.ch//eos/opendata/cms/mc/RunIISummer20UL16NanoAODv9/DYJetsToLL_M-50_TuneCP5_13TeV-madgraphMLM-pythia8/NANOAODSIM/106X_mcRun2_asymptotic_v17-v1/40000/53A2A4DA-60DD-1E48-86E7-466B4B2A78FC.root	1489753948	adler32:48e50ba7
root://eospublic.cern.ch//eos/opendata/cms/mc/RunIISummer20UL16NanoAODv9/DYJetsToLL_M-50_TuneCP5_13TeV-madgraphMLM-pythia8/NANOAODSIM/106X_mcRun2_asymptotic_v17-v1/40000/54B7E1EB-C5B3-FD4F-88D3-88F9A7340593.root	1484222605	adler32:45d145cd
root://eospublic.cern.ch//eos/opendata/cms/mc/RunIISummer20UL16NanoAODv9/DYJetsToLL_M-50_TuneCP5_13TeV-madgraphMLM-pythia8/NANOAODSIM/106X_mcRun2_asymptotic_v17-v1/40000/58A63A25-E8EE-B548-872A-911572FB7A70.root	1390347353	adler32:f5eaa7f9
root://eospublic.cern.ch//eos/opendata/cms/mc/RunIISummer20UL16NanoAODv9/DYJetsToLL_M-50_TuneCP5_13TeV-madgraphMLM-pythia8/NANOAODSIM/106X_mcRun2_asymptotic_v17-v1/40000/59183214-61E6-A64C-AEDF-8EB180E8CFC6.root	1988220350	adler32:56319ce3
root://eospublic.cern.ch//eos/opendata/cms/mc/RunIISummer20UL16NanoAODv9/DYJetsToLL_M-50_TuneCP5_13TeV-madgraphMLM-pythia8/NANOAODSIM/106X_mcRun2_asymptotic_v17-v1/40000/599809F9-6E6F-9B40-88BD-2C5049861107.root	202418326	adler32:56b24eaa
root://eospublic.cern.ch//eos/opendata/cms/mc/RunIISummer20UL16NanoAODv9/DYJetsToLL_M-50_TuneCP5_13TeV-madgraphMLM-pythia8/NANOAODSIM/106X_mcRun2_asymptotic_v17-v1/40000/1544A357-D3B8-B84C-A854-C38E93BCC67A.root	1792826830	adler32:65471707
root://eospublic.cern.ch//eos/opendata/cms/mc/RunIISummer20UL16NanoAODv9/DYJetsToLL_M-50_TuneCP5_13TeV-madgraphMLM-pythia8/NANOAODSIM/106X_mcRun2_asymptotic_v17-v1/40000/5EABCAEB-A739-864C-AB76-34E82D1BE132.root	2484220546	adler32:848e28e7
root://eospublic.cern.ch//eos/opendata/cms/mc/RunIISummer20UL16NanoAODv9/DYJetsToLL_M-50_TuneCP5_13TeV-madgraphMLM-pythia8/NANOAODSIM/106X_mcRun2_asymptotic_v17-v1/40000/660C2FD3-0F49-4D44-86CF-C5D1539A0CD5.root	976596073	adler32:979361cb
root://eospublic.cern.ch//eos/opendata/cms/mc/RunIISummer20UL16NanoAODv9/DYJetsToLL_M-50_TuneCP5_13TeV-madgraphMLM-pythia8/NANOAODSIM/106X_mcRun2_asymptotic_v17-v1/40000/676CC9B6-E75D-CD47-A072-BFE47EE41D59.root	2187968750	adler32:78a84542
root://eospublic.cern.ch//eos/opendata/cms/mc/RunIISummer20UL16NanoAODv9/DYJetsToLL_M-50_TuneCP5_13TeV-madgraphMLM-pythia8/NANOAODSIM/106X_mcRun2_asymptotic_v17-v1/40000/6C40BF66-B8A7-534D-BA55-03A9EE560117.root	896754795	adler32:b058c88d
root://eospublic.cern.ch//eos/opendata/cms/mc/RunIISummer20UL16NanoAODv9/DYJetsToLL_M-50_TuneCP5_13TeV-madgraphMLM-pythia8/NANOAODSIM/106X_mcRun2_asymptotic_v17-v1/40000/6F84C399-ACB6-F147-8E7B-B62E9366BBEB.root	1593223385	adler32:3164c9b5
root://eospublic.cern.ch//eos/opendata/cms/mc/RunIISummer20UL16NanoAODv9/DYJetsToLL_M-50_TuneCP5_13TeV-madgraphMLM-pythia8/NANOAODSIM/106X_mcRun2_asymptotic_v17-v1/40000/6F980EA8-C408-D441-8BBD-C351B6C0A944.root	1299864457	adler32:f2b7a395
root://eospublic.cern.ch//eos/opendata/cms/mc/RunIISummer20UL16NanoAODv9/DYJetsToLL_M-50_TuneCP5_13TeV-madgraphMLM-pythia8/NANOAODSIM/106X_mcRun2_asymptotic_v17-v1/40000/71D1F465-4342-9D45-A218-B1BED8B83849.root	388859602	adler32:97f0c455
root://eospublic.cern.ch//eos/opendata/cms/mc/RunIISummer20UL16NanoAODv9/DYJetsToLL_M-50_TuneCP5_13TeV-madgraphMLM-pythia8/NANOAODSIM/106X_mcRun2_asymptotic_v17-v1/40000/751D5714-5507-6343-818A-5DB7797D6632.root	7843540	adler32:43b065e6
root://eospublic.cern.ch//eos/opendata/cms/mc/RunIISummer20UL16NanoAODv9/DYJetsToLL_M-50_TuneCP5_13TeV-madgraphMLM-pythia8/NANOAODSIM/106X_mcRun2_asymptotic_v17-v1/40000/82D5AF82-9BB5-3544-B334-9D341BF1A2C7.root	1841322181	adler32:b7e682b8
root://eospublic.cern.ch//eos/opendata/cms/mc/RunIISummer20UL16NanoAODv9/DYJetsToLL_M-50_TuneCP5_13TeV-madgraphMLM-pythia8/NANOAODSIM/106X_mcRun2_asymptotic_v17-v1/40000/857D73F9-76B3-8A4A-B2BC-022A8A0AE249.root	1539881007	adler32:f8c2aa39
root://eospublic.cern.ch//eos/opendata/cms/mc/RunIISummer20UL16NanoAODv9/DYJetsToLL_M-50_TuneCP5_13TeV-madgraphMLM-pythia8/NANOAODSIM/106X_mcRun2_asymptotic_v17-v1/40000/1B11D47A-B6B6-2444-9A83-1649F6B54F3A.root	1490721027	adler32:ce2bb1fa
root://eospublic.cern.ch//eos/opendata/cms/mc/RunIISummer20UL16NanoAODv9/DYJetsToLL_M-50_TuneCP5_13TeV-madgraphMLM-pythia8/NANOAODSIM/106X_mcRun2_asymptotic_v17-v1/40000/88E19806-B5D6-9A42-A59B-2A626C3D44CE.root	1587674628	adler32:0aa6650a
root://eospublic.cern.ch//eos/opendata/cms/mc/RunIISummer20UL16NanoAODv9/DYJetsToLL_M-50_TuneCP5_13TeV-madgraphMLM-pythia8/NANOAODSIM/106X_mcRun2_asymptotic_v17-v1/40000/8B300227-F22E-DA49-AE79-B62BAD4CEE1D.root	350307982	adler32:9dd4db85
root://eospublic.cern.ch//eos/opendata/cms/mc/RunIISummer20UL16NanoAODv9/DYJetsToLL_M-50_TuneCP5_13TeV-madgraphMLM-pythia8/NANOAODSIM/106X_mcRun2_asymptotic_v17-v1/40000/8D3C62EF-6D7C-9C47-B2FC-1C8EB6398D4C.root	1822317484	adler32:9900692e
root://eospublic.cern.ch//eos/opendata/cms/mc/RunIISummer20UL16NanoAODv9/DYJetsToLL_M-50_TuneCP5_13TeV-madgraphMLM-pythia8/NANOAODSIM/106X_mcRun2_asymptotic_v17-v1/40000/8DCE7832-0460-6446-B2D2-6F63385FCBB7.root	1668850614	adler32:bef0ff2c
root://eospublic.cern.ch//eos/opendata/cms/mc/RunIISummer20UL16NanoAODv9/DYJetsToLL_M-50_TuneCP5_13TeV-madgraphMLM-pythia8/NANOAODSIM/106X_mcRun2_asymptotic_v17-v1/40000/8FFB858C-63C3-A145-88D6-3513D796B587.root	997092011	adler32:67865844
root://eospublic.cern.ch//eos/opendata/cms/mc/RunIISummer20UL16NanoAODv9/DYJetsToLL_M-50_TuneCP5_13TeV-madgraphMLM-pythia8/NANOAODSIM/106X_mcRun2_asymptotic_v17-v1/40000/90A5F8FF-9793-4246-BDD5-0794ADAB640F.root	1285989396	adler32:d5f34639
root://eospublic.cern.ch//eos/opendata/cms/mc/RunIISummer20UL16NanoAODv9/DYJetsToLL_M-50_TuneCP5_13TeV-madgraphMLM-pythia8/NANOAODSIM/106X_mcRun2_asymptotic_v17-v1/40000/910BA432-A76D-BA4A-AF79-DD34B445DB7B.root	1250931406	adler32:df858d50
root://eospublic.cern.ch//eos/opendata/cms/mc/RunIISummer20UL16NanoAODv9/DYJetsToLL_M-50_TuneCP5_13TeV-madgraphMLM-pythia8/NANOAODSIM/106X_mcRun2_asymptotic_v17-v1/40000/9C9AD313-82D7-9B42-ABBB-3EDB90AC5FCE.root	1891974613	adler32:cd5590d1
root://eospublic.cern.ch//eos/opendata/cms/mc/RunIISummer20UL16NanoAODv9/DYJetsToLL_M-50_TuneCP5_13TeV-madgraphMLM-pythia8/NANOAODSIM/106X_mcRun2_asymptotic_v17-v1/40000/A7FA7031-EA73-3544-89EC-BE7626CD3C1C.root	797444138	adler32:a40a5e7e
root://eospublic.cern.ch//eos/opendata/cms/mc/RunIISummer20UL16NanoAODv9/DYJetsToLL_M-50_TuneCP5_13TeV-madgraphMLM-pythia8/NANOAODSIM/106X_mcRun2_asymptotic_v17-v1/40000/ACB6E527-BAB1-5342-BEE3-DFDCA28C4956.root	1390947784	adler32:5342a20a
root://eospublic.cern.ch//eos/opendata/cms/mc/RunIISummer20UL16NanoAODv9/DYJetsToLL_M-50_TuneCP5_13TeV-madgraphMLM-pythia8/NANOAODSIM/106X_mcRun2_asymptotic_v17-v1/40000/202FEE1A-6266-ED4D-A0B2-F3D0C5B6EE1B.root	2484240994	adler32:cde52e40
root://eospublic.cern.ch//eos/opendata/cms/mc/RunIISummer20UL16NanoAODv9/DYJetsToLL_M-50_TuneCP5_13TeV-madgraphMLM-pythia8/NANOAODSIM/106X_mcRun2_asymptotic_v17-v1/40000/B90B6ABC-1666-CA4E-95C1-9363064A9662.root	1493755196	adler32:8c8e85b2
root://eospublic.cern.ch//eos/opendata/cms/mc/RunIISummer20UL16NanoAODv9/DYJetsToLL_M-50_TuneCP5_13TeV-madgraphMLM-pythia8/NANOAODSIM/106X_mcRun2_asymptotic_v17-v1/40000/BB7B6E27-26E7-3E4C-83E7-E831A577D166.root	2484845860	adler32:da104da4
root://eospublic.cern.ch//eos/opendata/cms/mc/RunIISummer20UL16NanoAODv9/DYJetsToLL_M-50_TuneCP5_13TeV-madgraphMLM-pythia8/NANOAODSIM/106X_mcRun2_asymptotic_v17-v1/40000/C242B6F4-9B82-0C44-86E4-09DDA79E84F2.root	2427878809	adler32:ce59a33f
root://eospublic.cern.ch//eos/opendata/cms/mc/RunIISummer20UL16NanoAODv9/DYJetsToLL_M-50_TuneCP5_13TeV-madgraphMLM-pythia8/NANOAODSIM/106X_mcRun2_asymptotic_v17-v1/40000/C549AC88-74B4-5747-8E62-F3482F1B151A.root	1583082274	adler32:7bfa67f0
root://eospublic.cern.ch//eos/opendata/cms/mc/RunIISummer20UL16NanoAODv9/DYJetsToLL_M-50_TuneCP5_13TeV-madgraphMLM-pythia8/NANOAODSIM/106X_mcRun2_asymptotic_v17-v1/40000/C570B2B4-96F2-2A47-8BF4-2D8FB9B3068D.root	2466373846	adler32:71d70772
root://eospublic.cern.ch//eos/opendata/cms/mc/RunIISummer20UL16NanoAODv9/DYJetsToLL_M-50_TuneCP5_13TeV-madgraphMLM-pythia8/NANOAODSIM/106X_mcRun2_asymptotic_v17-v1/40000/C5E8C9FF-3DF7-B249-838C-F634A94E3D99.root	2478424232	adler32:94cdff3f
root://eospublic.cern.ch//eos/opendata/cms/mc/RunIISummer20UL16NanoAODv9/DYJetsToLL_M-50_TuneCP5_13TeV-madgraphMLM-pythia8/NANOAODSIM/106X_mcRun2_asymptotic_v17-v1/40000/CBAE5951-C343-AC46-80B0-932922F037D1.root	1946750952	adler32:c00b74f1
root://eospublic.cern.ch//eos/opendata/cms/mc/RunIISummer20UL16NanoAODv9/DYJetsToLL_M-50_TuneCP5_13TeV-madgraphMLM-pythia8/NANOAODSIM/106X_mcRun2_asymptotic_v17-v1/40000/CD3223C6-391D-C24A-A7F7-A6F0F6447843.root	2374805101	adler32:e87bef81
root://eospublic.cern.ch//eos/opendata/cms/mc/RunIISummer20UL16NanoAODv9/DYJetsToLL_M-50_TuneCP5_13TeV-madgraphMLM-pythia8/NANOAODSIM/106X_mcRun2_asymptotic_v17-v1/40000/DA771AB6-11D1-D647-A26A-313AD32BB417.root	1416246120	adler32:3d52d09a
root://eospublic.cern.ch//eos/opendata/cms/mc/RunIISummer20UL16NanoAODv9/DYJetsToLL_M-50_TuneCP5_13TeV-madgraphMLM-pythia8/NANOAODSIM/106X_mcRun2_asymptotic_v17-v1/40000/DADA63CA-63EE-D142-AD86-57A8D03CBD6C.root	1890020269	adler32:01fff349
root://eospublic.cern.ch//eos/opendata/cms/mc/RunIISummer20UL16NanoAODv9/DYJetsToLL_M-50_TuneCP5_13TeV-madgraphMLM-pythia8/NANOAODSIM/106X_mcRun2_asymptotic_v17-v1/40000/216C2A60-D4EC-B647-8421-BAB0C6A4247C.root	1491200661	adler32:7f87e891
root://eospublic.cern.ch//eos/opendata/cms/mc/RunIISummer20UL16NanoAODv9/DYJetsToLL_M-50_TuneCP5_13TeV-madgraphMLM-pythia8/NANOAODSIM/106X_mcRun2_asymptotic_v17-v1/40000/E5556183-C5E9-A84B-9D92-222E86D1E5BE.root	2483893707	adler32:3d71caf2
root://eospublic.cern.ch//eos/opendata/cms/mc/RunIISummer20UL16NanoAODv9/DYJetsToLL_M-50_TuneCP5_13TeV-madgraphMLM-pythia8/NANOAODSIM/106X_mcRun2_asymptotic_v17-v1/40000/E64C7EF0-302E-AB48-BB79-C8C70701CC49.root	1749870276	adler32:74237c1c
root://eospublic.cern.ch//eos/opendata/cms/mc/RunIISummer20UL16NanoAODv9/DYJetsToLL_M-50_TuneCP5_13TeV-madgraphMLM-pythia8/NANOAODSIM/106X_mcRun2_asymptotic_v17-v1/40000/EA31A2C8-6A86-794F-A882-AE0F2419C266.root	1295969808	adler32:4eca50db
root://eospublic.cern.ch//eos/opendata/cms/mc/RunIISummer20UL16NanoAODv9/DYJetsToLL_M-50_TuneCP5_13TeV-madgraphMLM-pythia8/NANOAODSIM/106X_mcRun2_asymptotic_v17-v1/40000/EEE3F8A9-0B3F-3E40-B94E-E6348933301F.root	2480740485	adler32:ec450b88
root://eospublic.cern.ch//eos/opendata/cms/mc/RunIISummer20UL16NanoAODv9/DYJetsToLL_M-50_TuneCP5_13TeV-madgraphMLM-pythia8/NANOAODSIM/106X_mcRun2_asymptotic_v17-v1/40000/F17A328F-FE95-024A-8E99-59F651BBBED3.root	1887749250	adler32:577dcbbb
root://eospublic.cern.ch//eos/opendata/cms/mc/RunIISummer20UL16NanoAODv9/DYJetsToLL_M-50_TuneCP5_13TeV-madgraphMLM-pythia8/NANOAODSIM/106X_mcRun2_asymptotic_v17-v1/40000/F51EC0DA-4C6D-E741-B75A-3BC3F197EAE2.root	1495685207	adler32:a481d2cb
root://eospublic.cern.ch//eos/opendata/cms/mc/RunIISummer20UL16NanoAODv9/DYJetsToLL_M-50_TuneCP5_13TeV-madgraphMLM-pythia8/NANOAODSIM/106X_mcRun2_asymptotic_v17-v1/40000/F7F4E9FA-78C3-5F43-9EA0-D368F6FBB10A.root	1492409996	adler32:e119057c
root://eospublic.cern.ch//eos/opendata/cms/mc/RunIISummer20UL16NanoAODv9/DYJetsToLL_M-50_TuneCP5_13TeV-madgraphMLM-pythia8/NANOAODSIM/106X_mcRun2_asymptotic_v17-v1/40000/F81DEBA7-E1D1-944D-BEFA-5EEB356C54C8.root	1492400493	adler32:ace1ea0c
root://eospublic.cern.ch//eos/opendata/cms/mc/RunIISummer20UL16NanoAODv9/DYJetsToLL_M-50_TuneCP5_13TeV-madgraphMLM-pythia8/NANOAODSIM/106X_mcRun2_asymptotic_v17-v1/40000/F9F34B8E-DAA6-7A4E-B4A5-43F2D741CFE3.root	271321177	adler32:e1a93635
root://eospublic.cern.ch//eos/opendata/cms/mc/RunIISummer20UL16NanoAODv9/DYJetsToLL_M-50_TuneCP5_13TeV-madgraphMLM-pythia8/NANOAODSIM/106X_mcRun2_asymptotic_v17-v1/40000/22766655-2217-B848-8979-AD0EA0128682.root	994241503	adler32:5a9e5a33
root://eospublic.cern.ch//eos/opendata/cms/mc/RunIISummer20UL16NanoAODv9/DYJetsToLL_M-50_TuneCP5_13TeV-madgraphMLM-pythia8/NANOAODSIM/106X_mcRun2_asymptotic_v17-v1/40000/27531B8A-C535-894F-9C15-4C0C9E309F27.root	2363217915	adler32:c95ac64f
root://eospublic.cern.ch//eos/opendata/cms/mc/RunIISummer20UL16NanoAODv9/DYJetsToLL_M-50_TuneCP5_13TeV-madgraphMLM-pythia8/NANOAODSIM/106X_mcRun2_asymptotic_v17-v1/40000/3411EB3A-03C1-6A4F-A0E7-570107EEFD0C.root	2407697535	adler32:5af868ec
root://eospublic.cern.ch//eos/opendata/cms/mc/RunIISummer20UL16NanoAODv9/DYJetsToLL_M-50_TuneCP5_13TeV-madgraphMLM-pythia8/NANOAODSIM/106X_mcRun2_asymptotic_v17-v1/40000/3E52FE18-4D6A-EC4F-B64A-65DA4140BAF5.root	1243609846	adler32:cd8c3fcb
root://eospublic.cern.ch//eos/opendata/cms/mc/RunIISummer20UL16NanoAODv9/DYJetsToLL_M-50_TuneCP5_13TeV-madgraphMLM-pythia8/NANOAODSIM/106X_mcRun2_asymptotic_v17-v1/50000/218ED0A7-DC00-0943-BC43-F04AE90DA0A3.root	611258888	adler32:eda0cf84
root://eospublic.cern.ch//eos/opendata/cms/mc/RunIISummer20UL16NanoAODv9/DYJetsToLL_M-50_TuneCP5_13TeV-madgraphMLM-pythia8/NANOAODSIM/106X_mcRun2_asymptotic_v17-v1/50000/6DD3B81E-FB53-0C43-AA99-2EAC751F578D.root	394576842	adler32:7f54a3e7
