root://eospublic.cern.ch//eos/opendata/cms/Run2016H/SingleMuon/NANOAOD/UL2016_MiniAODv2_NanoAODv9-v1/120000/61FC1E38-F75C-6B44-AD19-A9894155874E.root	14695266	adler32:25a093e4
root://eospublic.cern.ch//eos/opendata/cms/Run2016H/SingleMuon/NANOAOD/UL2016_MiniAODv2_NanoAODv9-v1/1210000/576759DA-4A35-534B-B926-2A9E4A5A7268.root	47258723	adler32:55f4af0b
root://eospublic.cern.ch//eos/opendata/cms/Run2016H/SingleMuon/NANOAOD/UL2016_MiniAODv2_NanoAODv9-v1/130000/0107961B-4308-F845-8F96-E14622BBA484.root	1902381907	adler32:d1ab4f8b
root://eospublic.cern.ch//eos/opendata/cms/Run2016H/SingleMuon/NANOAOD/UL2016_MiniAODv2_NanoAODv9-v1/130000/0DEE1709-0416-F24B-ACB2-C68997CB6465.root	2304887989	adler32:06c1956e
root://eospublic.cern.ch//eos/opendata/cms/Run2016H/SingleMuon/NANOAOD/UL2016_MiniAODv2_NanoAODv9-v1/130000/1C08614E-0C0E-6044-966A-CAF630CAEF8F.root	1796953798	adler32:537ed897
root://eospublic.cern.ch//eos/opendata/cms/Run2016H/SingleMuon/NANOAOD/UL2016_MiniAODv2_NanoAODv9-v1/130000/1D87B4FB-E31C-9F43-AC21-C32469DE9FC6.root	2066605457	adler32:6ee7a23f
root://eospublic.cern.ch//eos/opendata/cms/Run2016H/SingleMuon/NANOAOD/UL2016_MiniAODv2_NanoAODv9-v1/130000/1EB443F2-1230-8042-B8AE-FD50329CA59B.root	2217857040	adler32:9c5f7541
root://eospublic.cern.ch//eos/opendata/cms/Run2016H/SingleMuon/NANOAOD/UL2016_MiniAODv2_NanoAODv9-v1/130000/2045F967-9F0A-7C46-9946-787B27D56E88.root	2110822310	adler32:fa909178
root://eospublic.cern.ch//eos/opendata/cms/Run2016H/SingleMuon/NANOAOD/UL2016_MiniAODv2_NanoAODv9-v1/130000/236A04EE-C105-D947-8A2E-F8CC6731644F.root	1974685692	adler32:76c126be
root://eospublic.cern.ch//eos/opendata/cms/Run2016H/SingleMuon/NANOAOD/UL2016_MiniAODv2_NanoAODv9-v1/130000/370BE877-DA24-DB41-A875-07A86EAB6852.root	978622333	adler32:ecb3a411
root://eospublic.cern.ch//eos/opendata/cms/Run2016H/SingleMuon/NANOAOD/UL2016_MiniAODv2_NanoAODv9-v1/130000/39B0B7DF-2C71-9E4E-952F-833475062880.root	2630846114	adler32:94b40d30
root://eospublic.cern.ch//eos/opendata/cms/Run2016H/SingleMuon/NANOAOD/UL2016_MiniAODv2_NanoAODv9-v1/130000/3A8A8FD7-1FB0-FC49-93FD-20378419A49A.root	1536900769	adler32:f81f8f36
root://eospublic.cern.ch//eos/opendata/cms/Run2016H/SingleMuon/NANOAOD/UL2016_MiniAODv2_NanoAODv9-v1/130000/4C688018-90E1-5847-AEA3-D5F5DEB330EA.root	2626592126	adler32:d0b7b166
root://eospublic.cern.ch//eos/opendata/cms/Run2016H/SingleMuon/NANOAOD/UL2016_MiniAODv2_NanoAODv9-v1/130000/50ADF677-F507-D044-BCF2-40392F4A89DB.root	2045201189	adler32:be727e1f
root://eospublic.cern.ch//eos/opendata/cms/Run2016H/SingleMuon/NANOAOD/UL2016_MiniAODv2_NanoAODv9-v1/130000/0F03FF10-7F20-8A4E-A19A-418C090A3F97.root	1736485932	adler32:b25e9a7e
root://eospublic.cern.ch//eos/opendata/cms/Run2016H/SingleMuon/NANOAOD/UL2016_MiniAODv2_NanoAODv9-v1/130000/5CA4CE73-629C-2F48-939C-4274B369F112.root	2706369756	adler32:de6e6caf
root://eospublic.cern.ch//eos/opendata/cms/Run2016H/SingleMuon/NANOAOD/UL2016_MiniAODv2_NanoAODv9-v1/130000/60E957CB-2729-5D4C-B261-43406A639E8F.root	2539642290	adler32:98ab000c
root://eospublic.cern.ch//eos/opendata/cms/Run2016H/SingleMuon/NANOAOD/UL2016_MiniAODv2_NanoAODv9-v1/130000/6CBB587F-1366-6F40-973C-7F98EA9C8335.root	1772053186	adler32:691846ee
root://eospublic.cern.ch//eos/opendata/cms/Run2016H/SingleMuon/NANOAOD/UL2016_MiniAODv2_NanoAODv9-v1/130000/715BF52A-7FE3-D848-A45F-99A0DDA80205.root	2550623021	adler32:f3986004
root://eospublic.cern.ch//eos/opendata/cms/Run2016H/SingleMuon/NANOAOD/UL2016_MiniAODv2_NanoAODv9-v1/130000/788CA5CB-13E0-544A-8427-33E4591CF20B.root	1743437294	adler32:4d5023de
root://eospublic.cern.ch//eos/opendata/cms/Run2016H/SingleMuon/NANOAOD/UL2016_MiniAODv2_NanoAODv9-v1/130000/791500CE-B4AB-7C46-91D7-4E689B94F55A.root	1596571380	adler32:5facccfb
root://eospublic.cern.ch//eos/opendata/cms/Run2016H/SingleMuon/NANOAOD/UL2016_MiniAODv2_NanoAODv9-v1/130000/8F3012A6-72CA-6C4F-81AA-64EEB640EA84.root	1643880559	adler32:18f0b596
root://eospublic.cern.ch//eos/opendata/cms/Run2016H/SingleMuon/NANOAOD/UL2016_MiniAODv2_NanoAODv9-v1/130000/8FB46D51-A84B-8043-A86B-25743CE20170.root	1991416428	adler32:5aac5aa1
root://eospublic.cern.ch//eos/opendata/cms/Run2016H/SingleMuon/NANOAOD/UL2016_MiniAODv2_NanoAODv9-v1/130000/BE433087-4E55-6F44-8EBF-EDD13E745BAE.root	2420352087	adler32:3fc7b902
root://eospublic.cern.ch//eos/opendata/cms/Run2016H/SingleMuon/NANOAOD/UL2016_MiniAODv2_NanoAODv9-v1/130000/CBFBEA23-7C46-624E-98B1-2CAEE35458C8.root	1399046430	adler32:e691b5d3
root://eospublic.cern.ch//eos/opendata/cms/Run2016H/SingleMuon/NANOAOD/UL2016_MiniAODv2_NanoAODv9-v1/130000/0F6506E1-94CC-E14B-AE40-F72BD37BF8D4.root	2580938314	adler32:5659bed1
root://eospublic.cern.ch//eos/opendata/cms/Run2016H/SingleMuon/NANOAOD/UL2016_MiniAODv2_NanoAODv9-v1/130000/CEB3C22E-30A5-704F-BD07-BD6D0838DAFA.root	1488217926	adler32:732e447b
root://eospublic.cern.ch//eos/opendata/cms/Run2016H/SingleMuon/NANOAOD/UL2016_MiniAODv2_NanoAODv9-v1/130000/CEE8B116-DBE4-E54F-B038-A81090B2A147.root	2686058626	adler32:fbe39f7f
root://eospublic.cern.ch//eos/opendata/cms/Run2016H/SingleMuon/NANOAOD/UL2016_MiniAODv2_NanoAODv9-v1/130000/D2F76766-1F43-264A-A39F-2DE68BF68752.root	2443962413	adler32:7a080823
root://eospublic.cern.ch//eos/opendata/cms/Run2016H/SingleMuon/NANOAOD/UL2016_MiniAODv2_NanoAODv9-v1/130000/DBA71BF9-1B93-EC42-A96C-BD2B35E3538E.root	2129694668	adler32:531cb335
root://eospublic.cern.ch//eos/opendata/cms/Run2016H/SingleMuon/NANOAOD/UL2016_MiniAODv2_NanoAODv9-v1/130000/E6C5C5AA-946B-A34C-ABB5-4B14AA0E9ED7.root	2590860200	adler32:2eb968ad
root://eospublic.cern.ch//eos/opendata/cms/Run2016H/SingleMuon/NANOAOD/UL2016_MiniAODv2_NanoAODv9-v1/130000/E8E0A6FB-E2D7-BE40-B098-7FEABFB340FF.root	322531918	adler32:d0766d7c
root://eospublic.cern.ch//eos/opendata/cms/Run2016H/SingleMuon/NANOAOD/UL2016_MiniAODv2_NanoAODv9-v1/130000/EC4283CE-BB96-B845-8012-6ED0CC0FA7A2.root	2186873023	adler32:716562ab
root://eospublic.cern.ch//eos/opendata/cms/Run2016H/SingleMuon/NANOAOD/UL2016_MiniAODv2_NanoAODv9-v1/130000/F4101B00-7984-C54F-98E9-2EF72AD66F43.root	2107236751	adler32:9482ebe6
root://eospublic.cern.ch//eos/opendata/cms/Run2016H/SingleMuon/NANOAOD/UL2016_MiniAODv2_NanoAODv9-v1/130000/FE81EE6E-0E21-1847-9105-D700F2E762DB.root	2369009691	adler32:515342e5
root://eospublic.cern.ch//eos/opendata/cms/Run2016H/SingleMuon/NANOAOD/UL2016_MiniAODv2_NanoAODv9-v1/130000/FFED1DB7-3626-A04C-8438-BF055BD16672.root	2579531842	adler32:02a157bd
root://eospublic.cern.ch//eos/opendata/cms/Run2016H/SingleMuon/NANOAOD/UL2016_MiniAODv2_NanoAODv9-v1/130000/120B99EA-7A22-094A-889D-E9049DB1A21C.root	2423159861	adler32:ed63cd84
root://eospublic.cern.ch//eos/opendata/cms/Run2016H/SingleMuon/NANOAOD/UL2016_MiniAODv2_NanoAODv9-v1/130000/136621ED-C32B-B347-9FC1-1BE4AF4F8EF3.root	2057237894	adler32:b2f72b1e
root://eospublic.cern.ch//eos/opendata/cms/Run2016H/SingleMuon/NANOAOD/UL2016_MiniAODv2_NanoAODv9-v1/130000/13EF306B-E9EA-B24F-8094-DAC8A7BC4AE0.root	1345250292	adler32:f40d0b7f
root://eospublic.cern.ch//eos/opendata/cms/Run2016H/SingleMuon/NANOAOD/UL2016_MiniAODv2_NanoAODv9-v1/130000/148777C2-F638-714C-AF76-00A32CD6F32A.root	1770664703	adler32:155580d6
root://eospublic.cern.ch//eos/opendata/cms/Run2016H/SingleMuon/NANOAOD/UL2016_MiniAODv2_NanoAODv9-v1/130000/14EA6AFB-593D-074F-AF31-BF588987BE99.root	2094909530	adler32:c2cb7808
root://eospublic.cern.ch//eos/opendata/cms/Run2016H/SingleMuon/NANOAOD/UL2016_MiniAODv2_NanoAODv9-v1/130000/17F6E03B-6B69-4341-863B-538EED26B89B.root	1917049125	adler32:1efd1671
root://eospublic.cern.ch//eos/opendata/cms/Run2016H/SingleMuon/NANOAOD/UL2016_MiniAODv2_NanoAODv9-v1/280000/40EA32B0-1284-7246-83A3-A703D908F9FC.root	1343768898	adler32:18e0e273
root://eospublic.cern.ch//eos/opendata/cms/Run2016H/SingleMuon/NANOAOD/UL2016_MiniAODv2_NanoAODv9-v1/280000/579013D1-626D-D943-A8B0-A1A558C54F33.root	1536074579	adler32:2021da49
root://eospublic.cern.ch//eos/opendata/cms/Run2016H/SingleMuon/NANOAOD/UL2016_MiniAODv2_NanoAODv9-v1/280000/6351C999-8EF7-6345-822D-E2EF1C203603.root	1866067406	adler32:1985d1a3
root://eospublic.cern.ch//eos/opendata/cms/Run2016H/SingleMuon/NANOAOD/UL2016_MiniAODv2_NanoAODv9-v1/280000/977A32B2-1672-0646-8029-C12B37014B64.root	1580312711	adler32:33eece8d
root://eospublic.cern.ch//eos/opendata/cms/Run2016H/SingleMuon/NANOAOD/UL2016_MiniAODv2_NanoAODv9-v1/280000/C653EBCD-C75E-8441-BB1D-12A90F76D597.root	895128784	adler32:64865416
root://eospublic.cern.ch//eos/opendata/cms/Run2016H/SingleMuon/NANOAOD/UL2016_MiniAODv2_NanoAODv9-v1/280000/D548310D-36A5-DE46-97C5-15933EAF7DC9.root	1714009335	adler32:db528228
root://eospublic.cern.ch//eos/opendata/cms/Run2016H/SingleMuon/NANOAOD/UL2016_MiniAODv2_NanoAODv9-v1/280000/D87A4CC6-6CF7-6943-838E-475A7533EAA9.root	1451685651	adler32:93e11a5d
root://eospublic.cern.ch//eos/opendata/cms/Run2016H/SingleMuon/NANOAOD/UL2016_MiniAODv2_NanoAODv9-v1/280000/F302A865-17B0-064B-8154-41526BB38244.root	239454683	adler32:659d3733
root://eospublic.cern.ch//eos/opendata/cms/Run2016H/SingleMuon/NANOAOD/UL2016_MiniAODv2_NanoAODv9-v1/70000/01479010-3B51-B04A-9C5C-7800085D11B8.root	711587174	adler32:e80f765e
root://eospublic.cern.ch//eos/opendata/cms/Run2016H/SingleMuon/NANOAOD/UL2016_MiniAODv2_NanoAODv9-v1/70000/02C01469-552A-7E45-9894-6406F0030DB3.root	32725859	adler32:437abc4a
root://eospublic.cern.ch//eos/opendata/cms/Run2016H/SingleMuon/NANOAOD/UL2016_MiniAODv2_NanoAODv9-v1/70000/4B985344-7CD7-6142-BCB6-B95E47279B9A.root	1441895744	adler32:91b7963f
root://eospublic.cern.ch//eos/opendata/cms/Run2016H/SingleMuon/NANOAOD/UL2016_MiniAODv2_NanoAODv9-v1/70000/594F3D70-ED17-3D42-A322-269D0A074F9A.root	1393133660	adler32:aecc8902
root://eospublic.cern.ch//eos/opendata/cms/Run2016H/SingleMuon/NANOAOD/UL2016_MiniAODv2_NanoAODv9-v1/70000/626C68F8-9DBD-194B-993E-8672B8E73BAE.root	2045744198	adler32:0dd67d37
root://eospublic.cern.ch//eos/opendata/cms/Run2016H/SingleMuon/NANOAOD/UL2016_MiniAODv2_NanoAODv9-v1/70000/6322429F-B620-854D-B4AC-6892359CAB2C.root	1589056667	adler32:aceae43b
root://eospublic.cern.ch//eos/opendata/cms/Run2016H/SingleMuon/NANOAOD/UL2016_MiniAODv2_NanoAODv9-v1/70000/6C8BBA90-79DC-CA45-9E0F-4AB683E91D8F.root	2519220432	adler32:ae0ac3bd
root://eospublic.cern.ch//eos/opendata/cms/Run2016H/SingleMuon/NANOAOD/UL2016_MiniAODv2_NanoAODv9-v1/70000/7BA44B30-9EBA-6E4A-8DD6-2A239BDDBA50.root	1333537328	adler32:63d30564
root://eospublic.cern.ch//eos/opendata/cms/Run2016H/SingleMuon/NANOAOD/UL2016_MiniAODv2_NanoAODv9-v1/70000/84E83B69-73A2-BF4C-A59C-C3C10F71C76E.root	1731155784	adler32:7d2dc141
root://eospublic.cern.ch//eos/opendata/cms/Run2016H/SingleMuon/NANOAOD/UL2016_MiniAODv2_NanoAODv9-v1/70000/874B6634-10CD-4541-97E6-7A97BA44F4C6.root	1396249232	adler32:d61a5154
root://eospublic.cern.ch//eos/opendata/cms/Run2016H/SingleMuon/NANOAOD/UL2016_MiniAODv2_NanoAODv9-v1/70000/8E33310F-1983-EE41-A97A-7D6853AF1BAD.root	980995505	adler32:813c969d
root://eospublic.cern.ch//eos/opendata/cms/Run2016H/SingleMuon/NANOAOD/UL2016_MiniAODv2_NanoAODv9-v1/70000/8F897B77-7EDA-B54B-812C-2185345CE97F.root	659816716	adler32:4f3fd9db
root://eospublic.cern.ch//eos/opendata/cms/Run2016H/SingleMuon/NANOAOD/UL2016_MiniAODv2_NanoAODv9-v1/70000/23953892-6295-B341-9D0B-6892EBDD67FC.root	2143060378	adler32:94feb1f7
root://eospublic.cern.ch//eos/opendata/cms/Run2016H/SingleMuon/NANOAOD/UL2016_MiniAODv2_NanoAODv9-v1/70000/9C99B9F7-7F24-FE4A-A28D-E31D70DBDF66.root	1821807123	adler32:4d01ab20
root://eospublic.cern.ch//eos/opendata/cms/Run2016H/SingleMuon/NANOAOD/UL2016_MiniAODv2_NanoAODv9-v1/70000/A5B416ED-2D1C-4846-92FF-CA7E5C6DBA61.root	2378066294	adler32:b17f1ac7
root://eospublic.cern.ch//eos/opendata/cms/Run2016H/SingleMuon/NANOAOD/UL2016_MiniAODv2_NanoAODv9-v1/70000/B0CFD000-E84C-344D-BED7-8AB35F3DBA36.root	1723184819	adler32:9f0e9470
root://eospublic.cern.ch//eos/opendata/cms/Run2016H/SingleMuon/NANOAOD/UL2016_MiniAODv2_NanoAODv9-v1/70000/B4E0C1C3-E86E-3F4B-9B1A-D17E3ADB0908.root	1735318930	adler32:778ac8b3
root://eospublic.cern.ch//eos/opendata/cms/Run2016H/SingleMuon/NANOAOD/UL2016_MiniAODv2_NanoAODv9-v1/70000/C250DA77-36D8-2440-8F71-4A913F18EA6C.root	1524636853	adler32:bedfa7a3
root://eospublic.cern.ch//eos/opendata/cms/Run2016H/SingleMuon/NANOAOD/UL2016_MiniAODv2_NanoAODv9-v1/70000/C2A7D179-B263-704C-A8EB-B75F4D82F7B5.root	2069582650	adler32:9b32272c
root://eospublic.cern.ch//eos/opendata/cms/Run2016H/SingleMuon/NANOAOD/UL2016_MiniAODv2_NanoAODv9-v1/70000/C8653579-E6F0-5D44-ACEA-154A482DF4AD.root	1197905276	adler32:3015deef
root://eospublic.cern.ch//eos/opendata/cms/Run2016H/SingleMuon/NANOAOD/UL2016_MiniAODv2_NanoAODv9-v1/70000/CD1172F5-A00E-0041-9A9C-5E1862026357.root	2378877991	adler32:2a9957c1
root://eospublic.cern.ch//eos/opendata/cms/Run2016H/SingleMuon/NANOAOD/UL2016_MiniAODv2_NanoAODv9-v1/70000/E037AB14-FEA9-4D40-AA30-9ADF56BD6270.root	1832106331	adler32:4c771b85
root://eospublic.cern.ch//eos/opendata/cms/Run2016H/SingleMuon/NANOAOD/UL2016_MiniAODv2_NanoAODv9-v1/70000/F250A551-A8DC-BC47-895C-3BE19459F5DC.root	1591292393	adler32:1eb68fd3
root://eospublic.cern.ch//eos/opendata/cms/Run2016H/SingleMuon/NANOAOD/UL2016_MiniAODv2_NanoAODv9-v1/70000/28415B3F-DFB1-5542-9217-7D134447AC48.root	1408949839	adler32:a20aeb26
root://eospublic.cern.ch//eos/opendata/cms/Run2016H/SingleMuon/NANOAOD/UL2016_MiniAODv2_NanoAODv9-v1/70000/F773638E-CE20-944A-A120-755C3E071B2F.root	1695001096	adler32:88022fdf
root://eospublic.cern.ch//eos/opendata/cms/Run2016H/SingleMuon/NANOAOD/UL2016_MiniAODv2_NanoAODv9-v1/70000/FBD685D1-F6C9-8946-BA61-14F8DB0B1B82.root	231061166	adler32:d144f118
root://eospublic.cern.ch//eos/opendata/cms/Run2016H/SingleMuon/NANOAOD/UL2016_MiniAODv2_NanoAODv9-v1/70000/2AF26192-4B3A-324D-B14C-CFFFB1F69F4C.root	1794043357	adler32:06d0da51
root://eospublic.cern.ch//eos/opendata/cms/Run2016H/SingleMuon/NANOAOD/UL2016_MiniAODv2_NanoAODv9-v1/70000/31BF084F-D414-1542-B61D-0F58520A17E8.root	1272176450	adler32:b6b3ef98
root://eospublic.cern.ch//eos/opendata/cms/Run2016H/SingleMuon/NANOAOD/UL2016_MiniAODv2_NanoAODv9-v1/70000/388AB3E1-8708-7D42-91BA-83E52373E808.root	1386648627	adler32:d98f32b3
root://eospublic.cern.ch//eos/opendata/cms/Run2016H/SingleMuon/NANOAOD/UL2016_MiniAODv2_NanoAODv9-v1/70000/3BCDC9CF-57F5-104F-8C20-2BA300439111.root	1117824824	adler32:87ddf9b4
root://eospublic.cern.ch//eos/opendata/cms/Run2016H/SingleMuon/NANOAOD/UL2016_MiniAODv2_NanoAODv9-v1/70000/3E76909B-34D1-DE46-8355-51C2ADD587D5.root	1171956279	adler32:5ee45f37
root://eospublic.cern.ch//eos/opendata/cms/Run2016H/SingleMuon/NANOAOD/UL2016_MiniAODv2_NanoAODv9-v1/70000/4AD09F91-D53E-E345-817A-BBC670875478.root	1679447306	adler32:81edfd5c
