root://eospublic.cern.ch//eos/opendata/cms/mc/RunIISummer20UL16NanoAODv9/WZTo2Q2L_mllmin4p0_TuneCP5_13TeV-amcatnloFXFX-pythia8/NANOAODSIM/106X_mcRun2_asymptotic_v17-v2/2520000/01D9E2E5-2A2E-6842-B7DF-8B4191962ECE.root	968064560	adler32:4646e784
root://eospublic.cern.ch//eos/opendata/cms/mc/RunIISummer20UL16NanoAODv9/WZTo2Q2L_mllmin4p0_TuneCP5_13TeV-amcatnloFXFX-pythia8/NANOAODSIM/106X_mcRun2_asymptotic_v17-v2/2520000/1FFE11C4-1EB0-C84D-97FA-329CD091A839.root	171562489	adler32:fb6d9624
root://eospublic.cern.ch//eos/opendata/cms/mc/RunIISummer20UL16NanoAODv9/WZTo2Q2L_mllmin4p0_TuneCP5_13TeV-amcatnloFXFX-pythia8/NANOAODSIM/106X_mcRun2_asymptotic_v17-v2/2520000/7018FEF9-8D16-6D4B-A6DB-C5F87D289585.root	1737243691	adler32:4a1860ba
root://eospublic.cern.ch//eos/opendata/cms/mc/RunIISummer20UL16NanoAODv9/WZTo2Q2L_mllmin4p0_TuneCP5_13TeV-amcatnloFXFX-pythia8/NANOAODSIM/106X_mcRun2_asymptotic_v17-v2/2520000/8B0D9F02-267D-9641-B33D-D255D677670F.root	479509410	adler32:888ef95d
root://eospublic.cern.ch//eos/opendata/cms/mc/RunIISummer20UL16NanoAODv9/WZTo2Q2L_mllmin4p0_TuneCP5_13TeV-amcatnloFXFX-pythia8/NANOAODSIM/106X_mcRun2_asymptotic_v17-v2/2520000/8F93D76C-BFD3-1845-B7D7-1EB7FBB8CB81.root	1365413238	adler32:8ddf135b
root://eospublic.cern.ch//eos/opendata/cms/mc/RunIISummer20UL16NanoAODv9/WZTo2Q2L_mllmin4p0_TuneCP5_13TeV-amcatnloFXFX-pythia8/NANOAODSIM/106X_mcRun2_asymptotic_v17-v2/2520000/ACA6FBD3-21E6-964D-88EC-D6A9485093C7.root	76815525	adler32:4f08c286
root://eospublic.cern.ch//eos/opendata/cms/mc/RunIISummer20UL16NanoAODv9/WZTo2Q2L_mllmin4p0_TuneCP5_13TeV-amcatnloFXFX-pythia8/NANOAODSIM/106X_mcRun2_asymptotic_v17-v2/2520000/C4496E15-91B5-6343-BCF2-A9EC4BC22035.root	1738761139	adler32:39ac18af
root://eospublic.cern.ch//eos/opendata/cms/mc/RunIISummer20UL16NanoAODv9/WZTo2Q2L_mllmin4p0_TuneCP5_13TeV-amcatnloFXFX-pythia8/NANOAODSIM/106X_mcRun2_asymptotic_v17-v2/2530000/19B7DC9C-2A93-434B-A8F2-13B1D6A2D7AC.root	296206904	adler32:b2ade98d
root://eospublic.cern.ch//eos/opendata/cms/mc/RunIISummer20UL16NanoAODv9/WZTo2Q2L_mllmin4p0_TuneCP5_13TeV-amcatnloFXFX-pythia8/NANOAODSIM/106X_mcRun2_asymptotic_v17-v2/2530000/2CB5A571-D0B0-2843-8EF3-DFE47971C324.root	721338397	adler32:7812704d
root://eospublic.cern.ch//eos/opendata/cms/mc/RunIISummer20UL16NanoAODv9/WZTo2Q2L_mllmin4p0_TuneCP5_13TeV-amcatnloFXFX-pythia8/NANOAODSIM/106X_mcRun2_asymptotic_v17-v2/2530000/70D01F4E-383E-B247-B7DF-1AAB384AF625.root	47695135	adler32:77ee5703
root://eospublic.cern.ch//eos/opendata/cms/mc/RunIISummer20UL16NanoAODv9/WZTo2Q2L_mllmin4p0_TuneCP5_13TeV-amcatnloFXFX-pythia8/NANOAODSIM/106X_mcRun2_asymptotic_v17-v2/2540000/039625F4-7664-1C43-AAA1-0EB58BDFF06A.root	99220154	adler32:5c346af8
root://eospublic.cern.ch//eos/opendata/cms/mc/RunIISummer20UL16NanoAODv9/WZTo2Q2L_mllmin4p0_TuneCP5_13TeV-amcatnloFXFX-pythia8/NANOAODSIM/106X_mcRun2_asymptotic_v17-v2/2540000/A754B8C6-A1B6-E141-B90D-7261332DBB23.root	30163022	adler32:a6d993f0
root://eospublic.cern.ch//eos/opendata/cms/mc/RunIISummer20UL16NanoAODv9/WZTo2Q2L_mllmin4p0_TuneCP5_13TeV-amcatnloFXFX-pythia8/NANOAODSIM/106X_mcRun2_asymptotic_v17-v2/260000/21FDB6E9-2AEA-034F-B6F8-A5549D578159.root	184808655	adler32:febd0658
root://eospublic.cern.ch//eos/opendata/cms/mc/RunIISummer20UL16NanoAODv9/WZTo2Q2L_mllmin4p0_TuneCP5_13TeV-amcatnloFXFX-pythia8/NANOAODSIM/106X_mcRun2_asymptotic_v17-v2/260000/2B35B5FB-A7CC-514F-83B7-34F29D89FC7B.root	99653466	adler32:cb9ebd59
root://eospublic.cern.ch//eos/opendata/cms/mc/RunIISummer20UL16NanoAODv9/WZTo2Q2L_mllmin4p0_TuneCP5_13TeV-amcatnloFXFX-pythia8/NANOAODSIM/106X_mcRun2_asymptotic_v17-v2/260000/4F3F3491-65A4-2344-B19F-C2D677A92E0B.root	1349316917	adler32:7120f86b
root://eospublic.cern.ch//eos/opendata/cms/mc/RunIISummer20UL16NanoAODv9/WZTo2Q2L_mllmin4p0_TuneCP5_13TeV-amcatnloFXFX-pythia8/NANOAODSIM/106X_mcRun2_asymptotic_v17-v2/260000/6818EE43-489F-4C4B-9AB1-6F70E6F0C36B.root	1351362098	adler32:85def0e6
root://eospublic.cern.ch//eos/opendata/cms/mc/RunIISummer20UL16NanoAODv9/WZTo2Q2L_mllmin4p0_TuneCP5_13TeV-amcatnloFXFX-pythia8/NANOAODSIM/106X_mcRun2_asymptotic_v17-v2/260000/83EDE350-C5C9-1C4B-B060-B042880BC1DD.root	870126941	adler32:a61ee220
root://eospublic.cern.ch//eos/opendata/cms/mc/RunIISummer20UL16NanoAODv9/WZTo2Q2L_mllmin4p0_TuneCP5_13TeV-amcatnloFXFX-pythia8/NANOAODSIM/106X_mcRun2_asymptotic_v17-v2/260000/AF9982B7-57E4-0945-AA80-5C27F74ECAB2.root	4280438	adler32:9259296f
root://eospublic.cern.ch//eos/opendata/cms/mc/RunIISummer20UL16NanoAODv9/WZTo2Q2L_mllmin4p0_TuneCP5_13TeV-amcatnloFXFX-pythia8/NANOAODSIM/106X_mcRun2_asymptotic_v17-v2/260000/B17F8F2C-3D35-F946-A08D-6E535EB7C36E.root	1305003770	adler32:d869c4a0
root://eospublic.cern.ch//eos/opendata/cms/mc/RunIISummer20UL16NanoAODv9/WZTo2Q2L_mllmin4p0_TuneCP5_13TeV-amcatnloFXFX-pythia8/NANOAODSIM/106X_mcRun2_asymptotic_v17-v2/260000/C1772470-F574-1B41-B4F8-6CD9123997F3.root	1306809657	adler32:e4e8b061
root://eospublic.cern.ch//eos/opendata/cms/mc/RunIISummer20UL16NanoAODv9/WZTo2Q2L_mllmin4p0_TuneCP5_13TeV-amcatnloFXFX-pythia8/NANOAODSIM/106X_mcRun2_asymptotic_v17-v2/260000/E7E9E835-C0D1-1E4B-92A6-EDA49C2DFF07.root	1352323693	adler32:8252cb4f
root://eospublic.cern.ch//eos/opendata/cms/mc/RunIISummer20UL16NanoAODv9/WZTo2Q2L_mllmin4p0_TuneCP5_13TeV-amcatnloFXFX-pythia8/NANOAODSIM/106X_mcRun2_asymptotic_v17-v2/260000/F32CA0D9-19B4-D343-9F16-EBB8F498B033.root	1542901973	adler32:2b8c77c1
root://eospublic.cern.ch//eos/opendata/cms/mc/RunIISummer20UL16NanoAODv9/WZTo2Q2L_mllmin4p0_TuneCP5_13TeV-amcatnloFXFX-pythia8/NANOAODSIM/106X_mcRun2_asymptotic_v17-v2/260000/FFBD6FEA-1A44-844F-B44C-78EFFB8EB41F.root	1302604333	adler32:619785cf
root://eospublic.cern.ch//eos/opendata/cms/mc/RunIISummer20UL16NanoAODv9/WZTo2Q2L_mllmin4p0_TuneCP5_13TeV-amcatnloFXFX-pythia8/NANOAODSIM/106X_mcRun2_asymptotic_v17-v2/270000/041A7C3C-F91F-5546-AD9D-36FA578CA7DB.root	243848556	adler32:eb5e94b2
root://eospublic.cern.ch//eos/opendata/cms/mc/RunIISummer20UL16NanoAODv9/WZTo2Q2L_mllmin4p0_TuneCP5_13TeV-amcatnloFXFX-pythia8/NANOAODSIM/106X_mcRun2_asymptotic_v17-v2/270000/3BA59D31-909D-DE48-B3C9-96B9AC7672A0.root	118202999	adler32:f105b4af
root://eospublic.cern.ch//eos/opendata/cms/mc/RunIISummer20UL16NanoAODv9/WZTo2Q2L_mllmin4p0_TuneCP5_13TeV-amcatnloFXFX-pythia8/NANOAODSIM/106X_mcRun2_asymptotic_v17-v2/270000/3F44B491-7CC7-944A-927F-E27E518CC696.root	6232740	adler32:d224af35
root://eospublic.cern.ch//eos/opendata/cms/mc/RunIISummer20UL16NanoAODv9/WZTo2Q2L_mllmin4p0_TuneCP5_13TeV-amcatnloFXFX-pythia8/NANOAODSIM/106X_mcRun2_asymptotic_v17-v2/270000/6F760528-EDFB-A44A-9F0E-BF92BEEC2D7F.root	229198542	adler32:92761f26
root://eospublic.cern.ch//eos/opendata/cms/mc/RunIISummer20UL16NanoAODv9/WZTo2Q2L_mllmin4p0_TuneCP5_13TeV-amcatnloFXFX-pythia8/NANOAODSIM/106X_mcRun2_asymptotic_v17-v2/270000/81E0423F-ACBE-A04C-A7ED-2D3BC1244E2C.root	50895720	adler32:62cc7f9c
root://eospublic.cern.ch//eos/opendata/cms/mc/RunIISummer20UL16NanoAODv9/WZTo2Q2L_mllmin4p0_TuneCP5_13TeV-amcatnloFXFX-pythia8/NANOAODSIM/106X_mcRun2_asymptotic_v17-v2/270000/8FC65C51-62A5-BE40-BB92-11B0C5B1D2C6.root	518985208	adler32:96ede4aa
root://eospublic.cern.ch//eos/opendata/cms/mc/RunIISummer20UL16NanoAODv9/WZTo2Q2L_mllmin4p0_TuneCP5_13TeV-amcatnloFXFX-pythia8/NANOAODSIM/106X_mcRun2_asymptotic_v17-v2/270000/932DCC70-B609-9E4F-9256-C3DA861C29C5.root	163201790	adler32:b2c0144f
root://eospublic.cern.ch//eos/opendata/cms/mc/RunIISummer20UL16NanoAODv9/WZTo2Q2L_mllmin4p0_TuneCP5_13TeV-amcatnloFXFX-pythia8/NANOAODSIM/106X_mcRun2_asymptotic_v17-v2/270000/A039BD0B-81D1-8142-943A-8306C824A8AB.root	81739754	adler32:53dc8737
root://eospublic.cern.ch//eos/opendata/cms/mc/RunIISummer20UL16NanoAODv9/WZTo2Q2L_mllmin4p0_TuneCP5_13TeV-amcatnloFXFX-pythia8/NANOAODSIM/106X_mcRun2_asymptotic_v17-v2/270000/B33A43F4-7038-6045-BBBE-426B215B66CB.root	15953396	adler32:7f948dfc
root://eospublic.cern.ch//eos/opendata/cms/mc/RunIISummer20UL16NanoAODv9/WZTo2Q2L_mllmin4p0_TuneCP5_13TeV-amcatnloFXFX-pythia8/NANOAODSIM/106X_mcRun2_asymptotic_v17-v2/270000/BF84BC75-B98C-B34B-8194-C30092C79C09.root	1242830035	adler32:19dc1a60
root://eospublic.cern.ch//eos/opendata/cms/mc/RunIISummer20UL16NanoAODv9/WZTo2Q2L_mllmin4p0_TuneCP5_13TeV-amcatnloFXFX-pythia8/NANOAODSIM/106X_mcRun2_asymptotic_v17-v2/270000/D0FC354A-099D-4044-8233-64E1B4596B54.root	7624116	adler32:243344ed
root://eospublic.cern.ch//eos/opendata/cms/mc/RunIISummer20UL16NanoAODv9/WZTo2Q2L_mllmin4p0_TuneCP5_13TeV-amcatnloFXFX-pythia8/NANOAODSIM/106X_mcRun2_asymptotic_v17-v2/270000/D55D49A8-532A-CD45-ADE1-7A998C117F41.root	6246730	adler32:8a421009
root://eospublic.cern.ch//eos/opendata/cms/mc/RunIISummer20UL16NanoAODv9/WZTo2Q2L_mllmin4p0_TuneCP5_13TeV-amcatnloFXFX-pythia8/NANOAODSIM/106X_mcRun2_asymptotic_v17-v2/270000/DAC1F180-1397-1740-8DF0-06A36246BC58.root	238973951	adler32:d40224df
root://eospublic.cern.ch//eos/opendata/cms/mc/RunIISummer20UL16NanoAODv9/WZTo2Q2L_mllmin4p0_TuneCP5_13TeV-amcatnloFXFX-pythia8/NANOAODSIM/106X_mcRun2_asymptotic_v17-v2/270000/E7DEDA9F-1C85-C845-8F15-D4A94C0A2298.root	23657935	adler32:18461137
root://eospublic.cern.ch//eos/opendata/cms/mc/RunIISummer20UL16NanoAODv9/WZTo2Q2L_mllmin4p0_TuneCP5_13TeV-amcatnloFXFX-pythia8/NANOAODSIM/106X_mcRun2_asymptotic_v17-v2/270000/EF85F3F2-53C0-394B-9FDD-19AA864AAC3D.root	709337289	adler32:3fe5d639
root://eospublic.cern.ch//eos/opendata/cms/mc/RunIISummer20UL16NanoAODv9/WZTo2Q2L_mllmin4p0_TuneCP5_13TeV-amcatnloFXFX-pythia8/NANOAODSIM/106X_mcRun2_asymptotic_v17-v2/270000/EFADBD89-F313-C849-AD65-35B82DC3639F.root	38132980	adler32:d261004c
