root://eospublic.cern.ch//eos/opendata/cms/mc/RunIISummer20UL16NanoAODv9/ZZTo4L_TuneCP5_13TeV_powheg_pythia8/NANOAODSIM/106X_mcRun2_asymptotic_v17-v1/2430000/051E9D22-4F30-8E49-8477-644E65768282.root	232295116	adler32:6af0d28f
root://eospublic.cern.ch//eos/opendata/cms/mc/RunIISummer20UL16NanoAODv9/ZZTo4L_TuneCP5_13TeV_powheg_pythia8/NANOAODSIM/106X_mcRun2_asymptotic_v17-v1/2430000/05E26D0E-E9D4-854B-B6AC-45B436A83F07.root	117682395	adler32:48d65934
root://eospublic.cern.ch//eos/opendata/cms/mc/RunIISummer20UL16NanoAODv9/ZZTo4L_TuneCP5_13TeV_powheg_pythia8/NANOAODSIM/106X_mcRun2_asymptotic_v17-v1/2430000/08A210AE-81AD-484E-8127-C088C63BA62A.root	1379926833	adler32:e62d5b8d
root://eospublic.cern.ch//eos/opendata/cms/mc/RunIISummer20UL16NanoAODv9/ZZTo4L_TuneCP5_13TeV_powheg_pythia8/NANOAODSIM/106X_mcRun2_asymptotic_v17-v1/2430000/357B04FF-8C8C-4241-8DB2-B336F45CEAFE.root	1892690275	adler32:6aa54f36
root://eospublic.cern.ch//eos/opendata/cms/mc/RunIISummer20UL16NanoAODv9/ZZTo4L_TuneCP5_13TeV_powheg_pythia8/NANOAODSIM/106X_mcRun2_asymptotic_v17-v1/2430000/5EF92F30-4FEF-9B49-9438-E4B24D8B5517.root	117777043	adler32:a22af0c8
root://eospublic.cern.ch//eos/opendata/cms/mc/RunIISummer20UL16NanoAODv9/ZZTo4L_TuneCP5_13TeV_powheg_pythia8/NANOAODSIM/106X_mcRun2_asymptotic_v17-v1/2430000/62AB4A36-86C6-CF48-81A5-3AEC926D349B.root	1380173008	adler32:391d15fd
root://eospublic.cern.ch//eos/opendata/cms/mc/RunIISummer20UL16NanoAODv9/ZZTo4L_TuneCP5_13TeV_powheg_pythia8/NANOAODSIM/106X_mcRun2_asymptotic_v17-v1/2430000/656B8DB4-AD62-024B-A729-E9D5CAD38CCC.root	232389277	adler32:c793f1b0
root://eospublic.cern.ch//eos/opendata/cms/mc/RunIISummer20UL16NanoAODv9/ZZTo4L_TuneCP5_13TeV_powheg_pythia8/NANOAODSIM/106X_mcRun2_asymptotic_v17-v1/2430000/6972D919-B1FB-AD4C-8F03-8E93B2C29372.root	19424842	adler32:1d980e36
root://eospublic.cern.ch//eos/opendata/cms/mc/RunIISummer20UL16NanoAODv9/ZZTo4L_TuneCP5_13TeV_powheg_pythia8/NANOAODSIM/106X_mcRun2_asymptotic_v17-v1/2430000/69DA545E-63C1-8146-A9A5-333EC6E8F2D8.root	15093676	adler32:54081a1e
root://eospublic.cern.ch//eos/opendata/cms/mc/RunIISummer20UL16NanoAODv9/ZZTo4L_TuneCP5_13TeV_powheg_pythia8/NANOAODSIM/106X_mcRun2_asymptotic_v17-v1/2430000/A2E55423-6843-8946-830F-A52ACC06155A.root	1264692502	adler32:7e1db1d6
root://eospublic.cern.ch//eos/opendata/cms/mc/RunIISummer20UL16NanoAODv9/ZZTo4L_TuneCP5_13TeV_powheg_pythia8/NANOAODSIM/106X_mcRun2_asymptotic_v17-v1/2520000/12E55A5D-78D0-9849-91AA-51427FE7888C.root	7030316	adler32:f673933d
root://eospublic.cern.ch//eos/opendata/cms/mc/RunIISummer20UL16NanoAODv9/ZZTo4L_TuneCP5_13TeV_powheg_pythia8/NANOAODSIM/106X_mcRun2_asymptotic_v17-v1/2520000/19E6FB35-A0B0-B649-82A4-FF0CF60DC61D.root	1864023685	adler32:af7674e7
root://eospublic.cern.ch//eos/opendata/cms/mc/RunIISummer20UL16NanoAODv9/ZZTo4L_TuneCP5_13TeV_powheg_pythia8/NANOAODSIM/106X_mcRun2_asymptotic_v17-v1/2520000/42E772F0-5694-7542-A8EB-F170501D8F8E.root	19386797	adler32:d0be0841
root://eospublic.cern.ch//eos/opendata/cms/mc/RunIISummer20UL16NanoAODv9/ZZTo4L_TuneCP5_13TeV_powheg_pythia8/NANOAODSIM/106X_mcRun2_asymptotic_v17-v1/2520000/4C61FA08-AC4B-794F-9A49-64C510F3AAB9.root	691587046	adler32:2792b95b
root://eospublic.cern.ch//eos/opendata/cms/mc/RunIISummer20UL16NanoAODv9/ZZTo4L_TuneCP5_13TeV_powheg_pythia8/NANOAODSIM/106X_mcRun2_asymptotic_v17-v1/2520000/5F64FF55-EFCE-1F46-972D-F551AFC29915.root	1381089557	adler32:b393ed29
root://eospublic.cern.ch//eos/opendata/cms/mc/RunIISummer20UL16NanoAODv9/ZZTo4L_TuneCP5_13TeV_powheg_pythia8/NANOAODSIM/106X_mcRun2_asymptotic_v17-v1/2520000/7CF0825F-F24D-B848-A7D5-FEE7AF24A01E.root	117550846	adler32:d23b6a21
root://eospublic.cern.ch//eos/opendata/cms/mc/RunIISummer20UL16NanoAODv9/ZZTo4L_TuneCP5_13TeV_powheg_pythia8/NANOAODSIM/106X_mcRun2_asymptotic_v17-v1/2520000/84532C43-F471-0640-A818-71E6B4DF5583.root	15123843	adler32:70728eb8
root://eospublic.cern.ch//eos/opendata/cms/mc/RunIISummer20UL16NanoAODv9/ZZTo4L_TuneCP5_13TeV_powheg_pythia8/NANOAODSIM/106X_mcRun2_asymptotic_v17-v1/2520000/864198CF-1DF0-3C44-ACF1-EA0B8570B61C.root	105202156	adler32:418992dc
root://eospublic.cern.ch//eos/opendata/cms/mc/RunIISummer20UL16NanoAODv9/ZZTo4L_TuneCP5_13TeV_powheg_pythia8/NANOAODSIM/106X_mcRun2_asymptotic_v17-v1/2520000/99B1B977-6247-8E4C-ACFA-EF533206F766.root	2030508127	adler32:070b2461
root://eospublic.cern.ch//eos/opendata/cms/mc/RunIISummer20UL16NanoAODv9/ZZTo4L_TuneCP5_13TeV_powheg_pythia8/NANOAODSIM/106X_mcRun2_asymptotic_v17-v1/2520000/A7D82439-BAED-8A49-8B90-799C0D162DFF.root	128374310	adler32:89623a34
root://eospublic.cern.ch//eos/opendata/cms/mc/RunIISummer20UL16NanoAODv9/ZZTo4L_TuneCP5_13TeV_powheg_pythia8/NANOAODSIM/106X_mcRun2_asymptotic_v17-v1/2520000/AA70C281-8C6E-B64D-AC5F-D0604EE0F095.root	13859626	adler32:c22aeed1
root://eospublic.cern.ch//eos/opendata/cms/mc/RunIISummer20UL16NanoAODv9/ZZTo4L_TuneCP5_13TeV_powheg_pythia8/NANOAODSIM/106X_mcRun2_asymptotic_v17-v1/2520000/C821E312-C6B4-0D4D-95CF-0A2AA20A9E1D.root	1342367937	adler32:3881c77e
root://eospublic.cern.ch//eos/opendata/cms/mc/RunIISummer20UL16NanoAODv9/ZZTo4L_TuneCP5_13TeV_powheg_pythia8/NANOAODSIM/106X_mcRun2_asymptotic_v17-v1/2520000/D9113213-D5BF-4545-A975-A8F74CF76883.root	1401183289	adler32:4d0208a8
root://eospublic.cern.ch//eos/opendata/cms/mc/RunIISummer20UL16NanoAODv9/ZZTo4L_TuneCP5_13TeV_powheg_pythia8/NANOAODSIM/106X_mcRun2_asymptotic_v17-v1/2520000/EC5B353D-197A-594A-8496-3AA134B7079A.root	1344779679	adler32:a8c020c3
root://eospublic.cern.ch//eos/opendata/cms/mc/RunIISummer20UL16NanoAODv9/ZZTo4L_TuneCP5_13TeV_powheg_pythia8/NANOAODSIM/106X_mcRun2_asymptotic_v17-v1/2520000/EC7C960C-8309-2649-A29D-59DA17D7791F.root	32787661	adler32:bf7efbca
root://eospublic.cern.ch//eos/opendata/cms/mc/RunIISummer20UL16NanoAODv9/ZZTo4L_TuneCP5_13TeV_powheg_pythia8/NANOAODSIM/106X_mcRun2_asymptotic_v17-v1/2530000/013CD9FA-6D01-9244-A215-368F83AC1C60.root	5733498	adler32:65d1254c
root://eospublic.cern.ch//eos/opendata/cms/mc/RunIISummer20UL16NanoAODv9/ZZTo4L_TuneCP5_13TeV_powheg_pythia8/NANOAODSIM/106X_mcRun2_asymptotic_v17-v1/2530000/04FA881C-360A-FF48-9436-6446576C0B9E.root	1427499579	adler32:fafdaabf
root://eospublic.cern.ch//eos/opendata/cms/mc/RunIISummer20UL16NanoAODv9/ZZTo4L_TuneCP5_13TeV_powheg_pythia8/NANOAODSIM/106X_mcRun2_asymptotic_v17-v1/2530000/0AC0CE6D-C138-9649-B7FE-E391AE7AAEAE.root	1280703493	adler32:0308d75b
root://eospublic.cern.ch//eos/opendata/cms/mc/RunIISummer20UL16NanoAODv9/ZZTo4L_TuneCP5_13TeV_powheg_pythia8/NANOAODSIM/106X_mcRun2_asymptotic_v17-v1/2530000/0C99D874-A809-194C-B4FA-97B8F5D34369.root	1303514318	adler32:d8659c03
root://eospublic.cern.ch//eos/opendata/cms/mc/RunIISummer20UL16NanoAODv9/ZZTo4L_TuneCP5_13TeV_powheg_pythia8/NANOAODSIM/106X_mcRun2_asymptotic_v17-v1/2530000/205B34C0-306F-594D-8149-95BE3EE169D9.root	806009076	adler32:1ed06e3b
root://eospublic.cern.ch//eos/opendata/cms/mc/RunIISummer20UL16NanoAODv9/ZZTo4L_TuneCP5_13TeV_powheg_pythia8/NANOAODSIM/106X_mcRun2_asymptotic_v17-v1/2530000/27CB8354-9589-3C42-9B5D-7C72A6CD6719.root	11217416	adler32:436a81ac
root://eospublic.cern.ch//eos/opendata/cms/mc/RunIISummer20UL16NanoAODv9/ZZTo4L_TuneCP5_13TeV_powheg_pythia8/NANOAODSIM/106X_mcRun2_asymptotic_v17-v1/2530000/2DA57884-BCDA-BF4F-8F7A-42A09CB1BA0A.root	890888429	adler32:44ba7f74
root://eospublic.cern.ch//eos/opendata/cms/mc/RunIISummer20UL16NanoAODv9/ZZTo4L_TuneCP5_13TeV_powheg_pythia8/NANOAODSIM/106X_mcRun2_asymptotic_v17-v1/2530000/42CBADC7-CBA7-AF4B-ADEE-DDA475EC8656.root	1501863590	adler32:00a31a36
root://eospublic.cern.ch//eos/opendata/cms/mc/RunIISummer20UL16NanoAODv9/ZZTo4L_TuneCP5_13TeV_powheg_pythia8/NANOAODSIM/106X_mcRun2_asymptotic_v17-v1/2530000/79C93B80-5D66-EF48-AD8D-0ACBFF65EDC5.root	124707464	adler32:4a8b7e4e
root://eospublic.cern.ch//eos/opendata/cms/mc/RunIISummer20UL16NanoAODv9/ZZTo4L_TuneCP5_13TeV_powheg_pythia8/NANOAODSIM/106X_mcRun2_asymptotic_v17-v1/2530000/81012D88-C850-7843-B3F7-66F2C10B9D00.root	7026504	adler32:77031838
root://eospublic.cern.ch//eos/opendata/cms/mc/RunIISummer20UL16NanoAODv9/ZZTo4L_TuneCP5_13TeV_powheg_pythia8/NANOAODSIM/106X_mcRun2_asymptotic_v17-v1/2530000/892FDE9F-DC81-1841-ADE4-45FBB6F468B2.root	1401779309	adler32:3d1ae87b
root://eospublic.cern.ch//eos/opendata/cms/mc/RunIISummer20UL16NanoAODv9/ZZTo4L_TuneCP5_13TeV_powheg_pythia8/NANOAODSIM/106X_mcRun2_asymptotic_v17-v1/2530000/91E17ACD-897F-074C-940E-2E3783712E41.root	16435446	adler32:440d591e
root://eospublic.cern.ch//eos/opendata/cms/mc/RunIISummer20UL16NanoAODv9/ZZTo4L_TuneCP5_13TeV_powheg_pythia8/NANOAODSIM/106X_mcRun2_asymptotic_v17-v1/2530000/9298DB45-B4A3-1E40-B2A9-02E887B9236B.root	1496246504	adler32:499b041d
root://eospublic.cern.ch//eos/opendata/cms/mc/RunIISummer20UL16NanoAODv9/ZZTo4L_TuneCP5_13TeV_powheg_pythia8/NANOAODSIM/106X_mcRun2_asymptotic_v17-v1/2530000/9D115D7F-9504-364A-9128-0D6C55D2F71A.root	45313314	adler32:cfa51e8a
root://eospublic.cern.ch//eos/opendata/cms/mc/RunIISummer20UL16NanoAODv9/ZZTo4L_TuneCP5_13TeV_powheg_pythia8/NANOAODSIM/106X_mcRun2_asymptotic_v17-v1/2530000/9E937DE1-AC29-A040-BC67-6E03AEA32C7E.root	225353874	adler32:d2f4ebd1
root://eospublic.cern.ch//eos/opendata/cms/mc/RunIISummer20UL16NanoAODv9/ZZTo4L_TuneCP5_13TeV_powheg_pythia8/NANOAODSIM/106X_mcRun2_asymptotic_v17-v1/2530000/BB2FB525-B8BE-4842-8A58-49B3DE8386B2.root	1319315256	adler32:26b91092
root://eospublic.cern.ch//eos/opendata/cms/mc/RunIISummer20UL16NanoAODv9/ZZTo4L_TuneCP5_13TeV_powheg_pythia8/NANOAODSIM/106X_mcRun2_asymptotic_v17-v1/2530000/DC6469E8-0EF7-C642-AB3D-EB7D1305386A.root	17718919	adler32:f9b4c7e1
root://eospublic.cern.ch//eos/opendata/cms/mc/RunIISummer20UL16NanoAODv9/ZZTo4L_TuneCP5_13TeV_powheg_pythia8/NANOAODSIM/106X_mcRun2_asymptotic_v17-v1/2530000/E2BEFA98-68EE-DF4D-867B-FDA8A1AD65D5.root	352874758	adler32:42e551cd
root://eospublic.cern.ch//eos/opendata/cms/mc/RunIISummer20UL16NanoAODv9/ZZTo4L_TuneCP5_13TeV_powheg_pythia8/NANOAODSIM/106X_mcRun2_asymptotic_v17-v1/2530000/EFD1C802-673D-1341-AEB8-985294DD1E86.root	647939200	adler32:39cba90f
root://eospublic.cern.ch//eos/opendata/cms/mc/RunIISummer20UL16NanoAODv9/ZZTo4L_TuneCP5_13TeV_powheg_pythia8/NANOAODSIM/106X_mcRun2_asymptotic_v17-v1/2530000/F39EE8D1-71EB-CA4A-96A1-FCEFE06867CF.root	1325951947	adler32:8c6c2e7d
root://eospublic.cern.ch//eos/opendata/cms/mc/RunIISummer20UL16NanoAODv9/ZZTo4L_TuneCP5_13TeV_powheg_pythia8/NANOAODSIM/106X_mcRun2_asymptotic_v17-v1/40000/05F069EE-6027-C14A-9AA2-1E922731328F.root	449270874	adler32:8f5177b8
root://eospublic.cern.ch//eos/opendata/cms/mc/RunIISummer20UL16NanoAODv9/ZZTo4L_TuneCP5_13TeV_powheg_pythia8/NANOAODSIM/106X_mcRun2_asymptotic_v17-v1/40000/0630D049-D842-374F-8874-54B5119BF596.root	138106944	adler32:4700b8f6
root://eospublic.cern.ch//eos/opendata/cms/mc/RunIISummer20UL16NanoAODv9/ZZTo4L_TuneCP5_13TeV_powheg_pythia8/NANOAODSIM/106X_mcRun2_asymptotic_v17-v1/40000/0E5421FE-C24B-9244-81EE-849A65817630.root	28879931	adler32:18f3f16a
root://eospublic.cern.ch//eos/opendata/cms/mc/RunIISummer20UL16NanoAODv9/ZZTo4L_TuneCP5_13TeV_powheg_pythia8/NANOAODSIM/106X_mcRun2_asymptotic_v17-v1/40000/1936A0A0-65EE-544E-9CC2-183DE29C0F10.root	74146419	adler32:c80ba2b8
root://eospublic.cern.ch//eos/opendata/cms/mc/RunIISummer20UL16NanoAODv9/ZZTo4L_TuneCP5_13TeV_powheg_pythia8/NANOAODSIM/106X_mcRun2_asymptotic_v17-v1/40000/200554FB-9109-8147-8B1D-46E98752FE59.root	17669046	adler32:1e52bd9f
root://eospublic.cern.ch//eos/opendata/cms/mc/RunIISummer20UL16NanoAODv9/ZZTo4L_TuneCP5_13TeV_powheg_pythia8/NANOAODSIM/106X_mcRun2_asymptotic_v17-v1/40000/48302E79-0C5C-2543-8EF0-208584168DFA.root	143676262	adler32:e1b8cfc0
root://eospublic.cern.ch//eos/opendata/cms/mc/RunIISummer20UL16NanoAODv9/ZZTo4L_TuneCP5_13TeV_powheg_pythia8/NANOAODSIM/106X_mcRun2_asymptotic_v17-v1/40000/57EBC46B-D6F8-B348-94E5-214987792584.root	7025160	adler32:915f2a14
root://eospublic.cern.ch//eos/opendata/cms/mc/RunIISummer20UL16NanoAODv9/ZZTo4L_TuneCP5_13TeV_powheg_pythia8/NANOAODSIM/106X_mcRun2_asymptotic_v17-v1/40000/69AB5BC0-2C18-9A4F-886D-7348B7D373E5.root	65529069	adler32:3cc0b032
root://eospublic.cern.ch//eos/opendata/cms/mc/RunIISummer20UL16NanoAODv9/ZZTo4L_TuneCP5_13TeV_powheg_pythia8/NANOAODSIM/106X_mcRun2_asymptotic_v17-v1/40000/849AC703-59B9-FE43-8CCE-421AC0D0A26E.root	1471573638	adler32:d8a70778
root://eospublic.cern.ch//eos/opendata/cms/mc/RunIISummer20UL16NanoAODv9/ZZTo4L_TuneCP5_13TeV_powheg_pythia8/NANOAODSIM/106X_mcRun2_asymptotic_v17-v1/40000/89D46300-338D-FB45-84E6-EBA1A1E9F9AB.root	61593478	adler32:5a86423a
root://eospublic.cern.ch//eos/opendata/cms/mc/RunIISummer20UL16NanoAODv9/ZZTo4L_TuneCP5_13TeV_powheg_pythia8/NANOAODSIM/106X_mcRun2_asymptotic_v17-v1/40000/925D2DE8-1E5E-E34C-8BDB-E92A3E8A0E30.root	1530248859	adler32:a5df6c10
root://eospublic.cern.ch//eos/opendata/cms/mc/RunIISummer20UL16NanoAODv9/ZZTo4L_TuneCP5_13TeV_powheg_pythia8/NANOAODSIM/106X_mcRun2_asymptotic_v17-v1/40000/9DDC9035-2B76-EF47-AF41-DE8957E227D0.root	960302564	adler32:1673f9f2
root://eospublic.cern.ch//eos/opendata/cms/mc/RunIISummer20UL16NanoAODv9/ZZTo4L_TuneCP5_13TeV_powheg_pythia8/NANOAODSIM/106X_mcRun2_asymptotic_v17-v1/40000/A2FC671A-735B-164E-BA3C-BB70835530B5.root	1435160667	adler32:069992a6
root://eospublic.cern.ch//eos/opendata/cms/mc/RunIISummer20UL16NanoAODv9/ZZTo4L_TuneCP5_13TeV_powheg_pythia8/NANOAODSIM/106X_mcRun2_asymptotic_v17-v1/40000/BDD4AE1D-6C10-9A4A-86BE-FBB01DF9F976.root	1721762654	adler32:0add5c01
root://eospublic.cern.ch//eos/opendata/cms/mc/RunIISummer20UL16NanoAODv9/ZZTo4L_TuneCP5_13TeV_powheg_pythia8/NANOAODSIM/106X_mcRun2_asymptotic_v17-v1/40000/C5A75B71-9943-174E-8E58-7834C7AE0AD9.root	130316326	adler32:e7d518c1
root://eospublic.cern.ch//eos/opendata/cms/mc/RunIISummer20UL16NanoAODv9/ZZTo4L_TuneCP5_13TeV_powheg_pythia8/NANOAODSIM/106X_mcRun2_asymptotic_v17-v1/40000/D82A2625-A076-C442-A420-13A4B36404DC.root	45321114	adler32:1032b4c4
root://eospublic.cern.ch//eos/opendata/cms/mc/RunIISummer20UL16NanoAODv9/ZZTo4L_TuneCP5_13TeV_powheg_pythia8/NANOAODSIM/106X_mcRun2_asymptotic_v17-v1/40000/DEF0F0AE-CDCA-4145-9095-F876BF66A668.root	52247173	adler32:06ab4e37
root://eospublic.cern.ch//eos/opendata/cms/mc/RunIISummer20UL16NanoAODv9/ZZTo4L_TuneCP5_13TeV_powheg_pythia8/NANOAODSIM/106X_mcRun2_asymptotic_v17-v1/40000/E06B452D-5066-2748-8CD7-D03417D6757C.root	643914842	adler32:6730caa2
root://eospublic.cern.ch//eos/opendata/cms/mc/RunIISummer20UL16NanoAODv9/ZZTo4L_TuneCP5_13TeV_powheg_pythia8/NANOAODSIM/106X_mcRun2_asymptotic_v17-v1/40000/E1AC1D9B-49DA-0B48-BA91-7E8400FB9332.root	232343947	adler32:e8f6f685
root://eospublic.cern.ch//eos/opendata/cms/mc/RunIISummer20UL16NanoAODv9/ZZTo4L_TuneCP5_13TeV_powheg_pythia8/NANOAODSIM/106X_mcRun2_asymptotic_v17-v1/40000/F96F5EDE-12C6-AA4C-911F-3F609F265589.root	117917239	adler32:3f3747fb
root://eospublic.cern.ch//eos/opendata/cms/mc/RunIISummer20UL16NanoAODv9/ZZTo4L_TuneCP5_13TeV_powheg_pythia8/NANOAODSIM/106X_mcRun2_asymptotic_v17-v1/40000/FD3267F0-35B0-3641-ADE4-F78EA381DB4F.root	1659728772	adler32:5fb02e5c
root://eospublic.cern.ch//eos/opendata/cms/mc/RunIISummer20UL16NanoAODv9/ZZTo4L_TuneCP5_13TeV_powheg_pythia8/NANOAODSIM/106X_mcRun2_asymptotic_v17-v1/50000/126037C7-85B9-B24A-AAE7-F16D968EBE82.root	134436635	adler32:64d4db79
root://eospublic.cern.ch//eos/opendata/cms/mc/RunIISummer20UL16NanoAODv9/ZZTo4L_TuneCP5_13TeV_powheg_pythia8/NANOAODSIM/106X_mcRun2_asymptotic_v17-v1/50000/127BD78C-38A0-6547-BB12-809B7579E07B.root	49088874	adler32:76cc9cd2
root://eospublic.cern.ch//eos/opendata/cms/mc/RunIISummer20UL16NanoAODv9/ZZTo4L_TuneCP5_13TeV_powheg_pythia8/NANOAODSIM/106X_mcRun2_asymptotic_v17-v1/50000/1D72C6E8-23E0-C64F-809D-55CD4A626BEA.root	5706558	adler32:55f27762
root://eospublic.cern.ch//eos/opendata/cms/mc/RunIISummer20UL16NanoAODv9/ZZTo4L_TuneCP5_13TeV_powheg_pythia8/NANOAODSIM/106X_mcRun2_asymptotic_v17-v1/50000/1FE2D2D8-45B8-DF41-9EED-0D5781EB20DE.root	98815456	adler32:81bac952
root://eospublic.cern.ch//eos/opendata/cms/mc/RunIISummer20UL16NanoAODv9/ZZTo4L_TuneCP5_13TeV_powheg_pythia8/NANOAODSIM/106X_mcRun2_asymptotic_v17-v1/50000/23C5DA95-735A-DF45-9424-58C0A3A908C1.root	24671148	adler32:f910bc6f
root://eospublic.cern.ch//eos/opendata/cms/mc/RunIISummer20UL16NanoAODv9/ZZTo4L_TuneCP5_13TeV_powheg_pythia8/NANOAODSIM/106X_mcRun2_asymptotic_v17-v1/50000/2ED503DD-7A52-B24E-856D-53270CB14101.root	689633587	adler32:10300779
root://eospublic.cern.ch//eos/opendata/cms/mc/RunIISummer20UL16NanoAODv9/ZZTo4L_TuneCP5_13TeV_powheg_pythia8/NANOAODSIM/106X_mcRun2_asymptotic_v17-v1/50000/32B1A502-1C71-4747-8D65-14C5A52CFE6F.root	2244638439	adler32:e030c1ac
root://eospublic.cern.ch//eos/opendata/cms/mc/RunIISummer20UL16NanoAODv9/ZZTo4L_TuneCP5_13TeV_powheg_pythia8/NANOAODSIM/106X_mcRun2_asymptotic_v17-v1/50000/3D2CEBA8-A600-DE4D-AB7F-6C3AC3E0AD59.root	1406076728	adler32:c227c0c1
root://eospublic.cern.ch//eos/opendata/cms/mc/RunIISummer20UL16NanoAODv9/ZZTo4L_TuneCP5_13TeV_powheg_pythia8/NANOAODSIM/106X_mcRun2_asymptotic_v17-v1/50000/41D5EE89-00FF-7246-8E14-372E91BF7C95.root	65622740	adler32:21acb81b
root://eospublic.cern.ch//eos/opendata/cms/mc/RunIISummer20UL16NanoAODv9/ZZTo4L_TuneCP5_13TeV_powheg_pythia8/NANOAODSIM/106X_mcRun2_asymptotic_v17-v1/50000/44F4BE4A-B82C-FA48-A8E1-AAE9565E362E.root	1193133570	adler32:36099d1e
root://eospublic.cern.ch//eos/opendata/cms/mc/RunIISummer20UL16NanoAODv9/ZZTo4L_TuneCP5_13TeV_powheg_pythia8/NANOAODSIM/106X_mcRun2_asymptotic_v17-v1/50000/4C5AE974-4119-FE49-A41B-09E7E9CB8BEA.root	1632519409	adler32:8aa2c25b
root://eospublic.cern.ch//eos/opendata/cms/mc/RunIISummer20UL16NanoAODv9/ZZTo4L_TuneCP5_13TeV_powheg_pythia8/NANOAODSIM/106X_mcRun2_asymptotic_v17-v1/50000/4CCC8C12-476C-C74F-8260-47158BF740F5.root	1467044534	adler32:c6620c75
root://eospublic.cern.ch//eos/opendata/cms/mc/RunIISummer20UL16NanoAODv9/ZZTo4L_TuneCP5_13TeV_powheg_pythia8/NANOAODSIM/106X_mcRun2_asymptotic_v17-v1/50000/5413866A-69D9-5445-8D3C-45AA15E4629D.root	1380201848	adler32:d2bd2ebe
root://eospublic.cern.ch//eos/opendata/cms/mc/RunIISummer20UL16NanoAODv9/ZZTo4L_TuneCP5_13TeV_powheg_pythia8/NANOAODSIM/106X_mcRun2_asymptotic_v17-v1/50000/56487637-91C0-2345-9DB2-CFCEE97BED4B.root	1375179786	adler32:168be28a
root://eospublic.cern.ch//eos/opendata/cms/mc/RunIISummer20UL16NanoAODv9/ZZTo4L_TuneCP5_13TeV_powheg_pythia8/NANOAODSIM/106X_mcRun2_asymptotic_v17-v1/50000/7CB17F34-44F8-254E-9B5A-D665459DEDC1.root	2142621869	adler32:c6bc2230
root://eospublic.cern.ch//eos/opendata/cms/mc/RunIISummer20UL16NanoAODv9/ZZTo4L_TuneCP5_13TeV_powheg_pythia8/NANOAODSIM/106X_mcRun2_asymptotic_v17-v1/50000/834C2713-0AD5-0E4A-960F-67410B06CF59.root	128498235	adler32:4a88f228
root://eospublic.cern.ch//eos/opendata/cms/mc/RunIISummer20UL16NanoAODv9/ZZTo4L_TuneCP5_13TeV_powheg_pythia8/NANOAODSIM/106X_mcRun2_asymptotic_v17-v1/50000/8DA93D98-3BF5-D845-9639-204B46507934.root	232464615	adler32:aef9c930
root://eospublic.cern.ch//eos/opendata/cms/mc/RunIISummer20UL16NanoAODv9/ZZTo4L_TuneCP5_13TeV_powheg_pythia8/NANOAODSIM/106X_mcRun2_asymptotic_v17-v1/50000/8DD03000-E54D-1748-8802-F5AC75EFDE87.root	117794711	adler32:7a8011f1
root://eospublic.cern.ch//eos/opendata/cms/mc/RunIISummer20UL16NanoAODv9/ZZTo4L_TuneCP5_13TeV_powheg_pythia8/NANOAODSIM/106X_mcRun2_asymptotic_v17-v1/50000/9B046FAA-E418-1340-BED2-6D6C55D6DB8D.root	1401969441	adler32:e4f0201c
root://eospublic.cern.ch//eos/opendata/cms/mc/RunIISummer20UL16NanoAODv9/ZZTo4L_TuneCP5_13TeV_powheg_pythia8/NANOAODSIM/106X_mcRun2_asymptotic_v17-v1/50000/9F7BD1F9-F5F5-2445-90E3-6D1885E281C8.root	125917293	adler32:8f88cc3d
root://eospublic.cern.ch//eos/opendata/cms/mc/RunIISummer20UL16NanoAODv9/ZZTo4L_TuneCP5_13TeV_powheg_pythia8/NANOAODSIM/106X_mcRun2_asymptotic_v17-v1/50000/AACD4772-C426-E147-A57B-1B2A3C5A9EBF.root	358597017	adler32:eaad5df4
root://eospublic.cern.ch//eos/opendata/cms/mc/RunIISummer20UL16NanoAODv9/ZZTo4L_TuneCP5_13TeV_powheg_pythia8/NANOAODSIM/106X_mcRun2_asymptotic_v17-v1/50000/B1EDC0A2-01CE-E24D-A8DB-86AD7BC51B11.root	1379820837	adler32:9a4cb9ff
root://eospublic.cern.ch//eos/opendata/cms/mc/RunIISummer20UL16NanoAODv9/ZZTo4L_TuneCP5_13TeV_powheg_pythia8/NANOAODSIM/106X_mcRun2_asymptotic_v17-v1/50000/CAA7C665-825B-9A4E-BD65-4EF380DE601C.root	65480331	adler32:d38622aa
root://eospublic.cern.ch//eos/opendata/cms/mc/RunIISummer20UL16NanoAODv9/ZZTo4L_TuneCP5_13TeV_powheg_pythia8/NANOAODSIM/106X_mcRun2_asymptotic_v17-v1/50000/CB92E529-DE9A-9144-B591-F590893975B7.root	1658950794	adler32:1ad3f1de
root://eospublic.cern.ch//eos/opendata/cms/mc/RunIISummer20UL16NanoAODv9/ZZTo4L_TuneCP5_13TeV_powheg_pythia8/NANOAODSIM/106X_mcRun2_asymptotic_v17-v1/50000/CD541CC1-71C1-8542-8D9C-88A8B5A7D995.root	65568271	adler32:a5171e38
root://eospublic.cern.ch//eos/opendata/cms/mc/RunIISummer20UL16NanoAODv9/ZZTo4L_TuneCP5_13TeV_powheg_pythia8/NANOAODSIM/106X_mcRun2_asymptotic_v17-v1/50000/D6726310-31F4-3C41-9281-37B6BE360579.root	98536515	adler32:798dd6ce
root://eospublic.cern.ch//eos/opendata/cms/mc/RunIISummer20UL16NanoAODv9/ZZTo4L_TuneCP5_13TeV_powheg_pythia8/NANOAODSIM/106X_mcRun2_asymptotic_v17-v1/50000/D80A2B97-6610-2045-8E10-003ACA24CE26.root	65670211	adler32:18ff71be
root://eospublic.cern.ch//eos/opendata/cms/mc/RunIISummer20UL16NanoAODv9/ZZTo4L_TuneCP5_13TeV_powheg_pythia8/NANOAODSIM/106X_mcRun2_asymptotic_v17-v1/50000/DB8C7F8E-38F5-6340-8F55-41B187E3B69B.root	1883847283	adler32:de74f042
root://eospublic.cern.ch//eos/opendata/cms/mc/RunIISummer20UL16NanoAODv9/ZZTo4L_TuneCP5_13TeV_powheg_pythia8/NANOAODSIM/106X_mcRun2_asymptotic_v17-v1/50000/DC8FE8BA-4586-DB48-BA1F-4234FF0E8446.root	350410292	adler32:036c5899
root://eospublic.cern.ch//eos/opendata/cms/mc/RunIISummer20UL16NanoAODv9/ZZTo4L_TuneCP5_13TeV_powheg_pythia8/NANOAODSIM/106X_mcRun2_asymptotic_v17-v1/50000/ED78271A-9E30-7643-8E34-48A62556BDE3.root	1620662039	adler32:7ea14ee1
root://eospublic.cern.ch//eos/opendata/cms/mc/RunIISummer20UL16NanoAODv9/ZZTo4L_TuneCP5_13TeV_powheg_pythia8/NANOAODSIM/106X_mcRun2_asymptotic_v17-v1/50000/EEC651AC-70CF-E64F-892E-8806BA631996.root	1954323025	adler32:a2de409a
root://eospublic.cern.ch//eos/opendata/cms/mc/RunIISummer20UL16NanoAODv9/ZZTo4L_TuneCP5_13TeV_powheg_pythia8/NANOAODSIM/106X_mcRun2_asymptotic_v17-v1/50000/F530C8BA-A6B7-2B47-A10E-38A58BF3C778.root	2328993508	adler32:e1370123
root://eospublic.cern.ch//eos/opendata/cms/mc/RunIISummer20UL16NanoAODv9/ZZTo4L_TuneCP5_13TeV_powheg_pythia8/NANOAODSIM/106X_mcRun2_asymptotic_v17-v1/50000/F6DAC289-61E4-9E40-95A5-F950DA1724D9.root	1390721145	adler32:8b950f81
