group	subgroup	recid	nevents	dataset
collision_data	SingleMuon	30530	149916849	/SingleMuon/Run2016G-UL2016_MiniAODv2_NanoAODv9-v1/NANOAOD
collision_data	SingleMuon	30563	174035164	/SingleMuon/Run2016H-UL2016_MiniAODv2_NanoAODv9-v1/NANOAOD
collision_data	SingleElectron	30529	153363109	/SingleElectron/Run2016G-UL2016_MiniAODv2_NanoAODv9-v1/NANOAOD
collision_data	SingleElectron	30562	129021893	/SingleElectron/Run2016H-UL2016_MiniAODv2_NanoAODv9-v1/NANOAOD
collision_data	Tau	30532	79578661	/Tau/Run2016G-UL2016_MiniAODv2_NanoAODv9-v1/NANOAOD
collision_data	Tau	30565	76758754	/Tau/Run2016H-UL2016_MiniAODv2_NanoAODv9-v1/NANOAOD
collision_data	MuonEG	30528	33854612	/MuonEG/Run2016G-UL2016_MiniAODv2_NanoAODv9-v1/NANOAOD
collision_data	MuonEG	30561	29236516	/MuonEG/Run2016H-UL2016_MiniAODv2_NanoAODv9-v1/NANOAOD
collision_data	DoubleMuon	30522	45235604	/DoubleMuon/Run2016G-UL2016_MiniAODv2_NanoAODv9-v2/NANOAOD
collision_data	DoubleMuon	30555	48912812	/DoubleMuon/Run2016H-UL2016_MiniAODv2_NanoAODv9-v1/NANOAOD
collision_data	DoubleEG	30521	78797031	/DoubleEG/Run2016G-UL2016_MiniAODv2_NanoAODv9-v1/NANOAOD
collision_data	DoubleEG	30554	85388673	/DoubleEG/Run2016H-UL2016_MiniAODv2_NanoAODv9-v1/NANOAOD
ztautau_signal	DY_inclusive_NLO_and_LO	35631	49267069	/DYJetsToLL_M-10to50_TuneCP5_13TeV-amcatnloFXFX-pythia8/RunIISummer20UL16NanoAODv9-106X_mcRun2_asymptotic_v17-v1/NANOAODSIM
ztautau_signal	DY_inclusive_NLO_and_LO	35633	22388550	/DYJetsToLL_M-10to50_TuneCP5_13TeV-madgraphMLM-pythia8/RunIISummer20UL16NanoAODv9-106X_mcRun2_asymptotic_v17-v1/NANOAODSIM
ztautau_signal	DY_inclusive_NLO_and_LO	35669	71839442	/DYJetsToLL_M-50_TuneCP5_13TeV-amcatnloFXFX-pythia8/RunIISummer20UL16NanoAODv9-106X_mcRun2_asymptotic_v17-v1/NANOAODSIM
ztautau_signal	DY_inclusive_NLO_and_LO	35671	82448537	/DYJetsToLL_M-50_TuneCP5_13TeV-madgraphMLM-pythia8/RunIISummer20UL16NanoAODv9-106X_mcRun2_asymptotic_v17-v1/NANOAODSIM
ztautau_signal	DY_jet_binned_NLO	35577	73908089	/DYJetsToLL_0J_TuneCP5_13TeV-amcatnloFXFX-pythia8/RunIISummer20UL16NanoAODv9-106X_mcRun2_asymptotic_v17-v1/NANOAODSIM
ztautau_signal	DY_jet_binned_NLO	35595	82259479	/DYJetsToLL_1J_TuneCP5_13TeV-amcatnloFXFX-pythia8/RunIISummer20UL16NanoAODv9-106X_mcRun2_asymptotic_v17-v1/NANOAODSIM
ztautau_signal	DY_jet_binned_NLO	35613	41816675	/DYJetsToLL_2J_TuneCP5_13TeV-amcatnloFXFX-pythia8/RunIISummer20UL16NanoAODv9-106X_mcRun2_asymptotic_v17-v1/NANOAODSIM
ztautau_signal	DY_HT_binned_LO	35651	8316351	/DYJetsToLL_M-50_HT-100to200_TuneCP5_PSweights_13TeV-madgraphMLM-pythia8/RunIISummer20UL16NanoAODv9-106X_mcRun2_asymptotic_v17-v2/NANOAODSIM
ztautau_signal	DY_HT_binned_LO	35653	1970857	/DYJetsToLL_M-50_HT-1200to2500_TuneCP5_PSweights_13TeV-madgraphMLM-pythia8/RunIISummer20UL16NanoAODv9-106X_mcRun2_asymptotic_v17-v2/NANOAODSIM
ztautau_signal	DY_HT_binned_LO	35655	5653782	/DYJetsToLL_M-50_HT-200to400_TuneCP5_PSweights_13TeV-madgraphMLM-pythia8/RunIISummer20UL16NanoAODv9-106X_mcRun2_asymptotic_v17-v2/NANOAODSIM
ztautau_signal	DY_HT_binned_LO	35657	696811	/DYJetsToLL_M-50_HT-2500toInf_TuneCP5_PSweights_13TeV-madgraphMLM-pythia8/RunIISummer20UL16NanoAODv9-106X_mcRun2_asymptotic_v17-v2/NANOAODSIM
ztautau_signal	DY_HT_binned_LO	35659	2491416	/DYJetsToLL_M-50_HT-400to600_TuneCP5_PSweights_13TeV-madgraphMLM-pythia8/RunIISummer20UL16NanoAODv9-106X_mcRun2_asymptotic_v17-v2/NANOAODSIM
ztautau_signal	DY_HT_binned_LO	35661	2299853	/DYJetsToLL_M-50_HT-600to800_TuneCP5_PSweights_13TeV-madgraphMLM-pythia8/RunIISummer20UL16NanoAODv9-106X_mcRun2_asymptotic_v17-v2/NANOAODSIM
ztautau_signal	DY_HT_binned_LO	35663	5893910	/DYJetsToLL_M-50_HT-70to100_TuneCP5_PSweights_13TeV-madgraphMLM-pythia8/RunIISummer20UL16NanoAODv9-106X_mcRun2_asymptotic_v17-v2/NANOAODSIM
ztautau_signal	DY_HT_binned_LO	35665	2393976	/DYJetsToLL_M-50_HT-800to1200_TuneCP5_PSweights_13TeV-madgraphMLM-pythia8/RunIISummer20UL16NanoAODv9-106X_mcRun2_asymptotic_v17-v2/NANOAODSIM
ztautau_signal	DY_PtZ_binned_NLO	35615	100271951	/DYJetsToLL_LHEFilterPtZ-0To50_MatchEWPDG20_TuneCP5_13TeV-amcatnloFXFX-pythia8/RunIISummer20UL16NanoAODv9-106X_mcRun2_asymptotic_v17-v1/NANOAODSIM
ztautau_signal	DY_PtZ_binned_NLO	35617	38786699	/DYJetsToLL_LHEFilterPtZ-100To250_MatchEWPDG20_TuneCP5_13TeV-amcatnloFXFX-pythia8/RunIISummer20UL16NanoAODv9-106X_mcRun2_asymptotic_v17-v1/NANOAODSIM
ztautau_signal	DY_PtZ_binned_NLO	35619	12318492	/DYJetsToLL_LHEFilterPtZ-250To400_MatchEWPDG20_TuneCP5_13TeV-amcatnloFXFX-pythia8/RunIISummer20UL16NanoAODv9-106X_mcRun2_asymptotic_v17-v1/NANOAODSIM
ztautau_signal	DY_PtZ_binned_NLO	35621	1980401	/DYJetsToLL_LHEFilterPtZ-400To650_MatchEWPDG20_TuneCP5_13TeV-amcatnloFXFX-pythia8/RunIISummer20UL16NanoAODv9-106X_mcRun2_asymptotic_v17-v1/NANOAODSIM
ztautau_signal	DY_PtZ_binned_NLO	35623	59792819	/DYJetsToLL_LHEFilterPtZ-50To100_MatchEWPDG20_TuneCP5_13TeV-amcatnloFXFX-pythia8/RunIISummer20UL16NanoAODv9-106X_mcRun2_asymptotic_v17-v1/NANOAODSIM
ztautau_signal	DY_PtZ_binned_NLO	35625	2018613	/DYJetsToLL_LHEFilterPtZ-650ToInf_MatchEWPDG20_TuneCP5_13TeV-amcatnloFXFX-pythia8/RunIISummer20UL16NanoAODv9-106X_mcRun2_asymptotic_v17-v1/NANOAODSIM
ztautau_signal	DY_dedicated_tautau	35683	11279282	/DYJetsToTauTauToMuTauh_M-50_TuneCP5_13TeV-madgraphMLM-pythia8/RunIISummer20UL16NanoAODv9-106X_mcRun2_asymptotic_v17-v2/NANOAODSIM
ztautau_signal	DY_dedicated_tautau	35681	11984279	/DYJetsToTauTauToMuTauh_M-50_TuneCP5_13TeV-madgraphMLM-pythia8/RunIISummer20UL16NanoAODv9-106X_mcRun2_asymptotic_v17_ext1-v1/NANOAODSIM
ztautau_signal	DY_dedicated_tautau	35682	10243463	/DYJetsToTauTauToMuTauh_M-50_TuneCP5_13TeV-madgraphMLM-pythia8/RunIISummer20UL16NanoAODv9-106X_mcRun2_asymptotic_v17_ext2-v1/NANOAODSIM
ztautau_signal	DY_dedicated_tautau	35677	34096218	/DYJetsToTauTau_TauToMuEle_M-50_TuneCP5_13TeV-amcatnloFXFX-pythia8/RunIISummer20UL16NanoAODv9-106X_mcRun2_asymptotic_v17-v1/NANOAODSIM
ztautau_signal	DY_high_mass	35627	201894	/DYJetsToLL_M-1000to1500_TuneCP5_13TeV-amcatnloFXFX-pythia8/RunIISummer20UL16NanoAODv9-106X_mcRun2_asymptotic_v17-v2/NANOAODSIM
ztautau_signal	DY_high_mass	35629	219887619	/DYJetsToLL_M-100to200_TuneCP5_13TeV-amcatnloFXFX-pythia8/RunIISummer20UL16NanoAODv9-106X_mcRun2_asymptotic_v17-v2/NANOAODSIM
ztautau_signal	DY_high_mass	35635	202387	/DYJetsToLL_M-1500to2000_TuneCP5_13TeV-amcatnloFXFX-pythia8/RunIISummer20UL16NanoAODv9-106X_mcRun2_asymptotic_v17-v2/NANOAODSIM
ztautau_signal	DY_high_mass	35637	204033	/DYJetsToLL_M-2000to3000_TuneCP5_13TeV-amcatnloFXFX-pythia8/RunIISummer20UL16NanoAODv9-106X_mcRun2_asymptotic_v17-v2/NANOAODSIM
ztautau_signal	DY_high_mass	35649	284416	/DYJetsToLL_M-500to700_TuneCP5_13TeV-amcatnloFXFX-pythia8/RunIISummer20UL16NanoAODv9-106X_mcRun2_asymptotic_v17-v2/NANOAODSIM
ztautau_signal	EWK_Zjj	35999	453000	/EWKZ2Jets_ZToLL_M-50_TuneCP5_withDipoleRecoil_13TeV-madgraph-pythia8/RunIISummer20UL16NanoAODv9-106X_mcRun2_asymptotic_v17-v1/NANOAODSIM
zee	DY_inclusive_NLO_and_LO	35631	49267069	/DYJetsToLL_M-10to50_TuneCP5_13TeV-amcatnloFXFX-pythia8/RunIISummer20UL16NanoAODv9-106X_mcRun2_asymptotic_v17-v1/NANOAODSIM
zee	DY_inclusive_NLO_and_LO	35633	22388550	/DYJetsToLL_M-10to50_TuneCP5_13TeV-madgraphMLM-pythia8/RunIISummer20UL16NanoAODv9-106X_mcRun2_asymptotic_v17-v1/NANOAODSIM
zee	DY_inclusive_NLO_and_LO	35669	71839442	/DYJetsToLL_M-50_TuneCP5_13TeV-amcatnloFXFX-pythia8/RunIISummer20UL16NanoAODv9-106X_mcRun2_asymptotic_v17-v1/NANOAODSIM
zee	DY_inclusive_NLO_and_LO	35671	82448537	/DYJetsToLL_M-50_TuneCP5_13TeV-madgraphMLM-pythia8/RunIISummer20UL16NanoAODv9-106X_mcRun2_asymptotic_v17-v1/NANOAODSIM
zee	DYToEE_high_mass_powheg	35685	2500000	/DYToEE_M-120To200_TuneCP5_13TeV-powheg-pythia8/RunIISummer20UL16NanoAODv9-106X_mcRun2_asymptotic_v17-v1/NANOAODSIM
zee	DYToEE_high_mass_powheg	35687	2500	/DYToEE_M-1400To2300_TuneCP5_13TeV-powheg-pythia8/RunIISummer20UL16NanoAODv9-106X_mcRun2_asymptotic_v17-v1/NANOAODSIM
zee	DYToEE_high_mass_powheg	35689	750000	/DYToEE_M-200To400_TuneCP5_13TeV-powheg-pythia8/RunIISummer20UL16NanoAODv9-106X_mcRun2_asymptotic_v17-v1/NANOAODSIM
zee	DYToEE_high_mass_powheg	35691	2500	/DYToEE_M-2300To3500_TuneCP5_13TeV-powheg-pythia8/RunIISummer20UL16NanoAODv9-106X_mcRun2_asymptotic_v17-v1/NANOAODSIM
zee	DYToEE_high_mass_powheg	35693	2500	/DYToEE_M-3500To4500_TuneCP5_13TeV-powheg-pythia8/RunIISummer20UL16NanoAODv9-106X_mcRun2_asymptotic_v17-v1/NANOAODSIM
zee	DYToEE_high_mass_powheg	35695	75000	/DYToEE_M-400To800_TuneCP5_13TeV-powheg-pythia8/RunIISummer20UL16NanoAODv9-106X_mcRun2_asymptotic_v17-v1/NANOAODSIM
zee	DYToEE_high_mass_powheg	35697	2500	/DYToEE_M-4500To6000_TuneCP5_13TeV-powheg-pythia8/RunIISummer20UL16NanoAODv9-106X_mcRun2_asymptotic_v17-v1/NANOAODSIM
zee	DYToEE_high_mass_powheg	35699	2500	/DYToEE_M-6000ToInf_TuneCP5_13TeV-powheg-pythia8/RunIISummer20UL16NanoAODv9-106X_mcRun2_asymptotic_v17-v1/NANOAODSIM
zee	DYToEE_high_mass_powheg	35701	5000	/DYToEE_M-800To1400_TuneCP5_13TeV-powheg-pythia8/RunIISummer20UL16NanoAODv9-106X_mcRun2_asymptotic_v17-v1/NANOAODSIM
zee	DY_high_mass	35627	201894	/DYJetsToLL_M-1000to1500_TuneCP5_13TeV-amcatnloFXFX-pythia8/RunIISummer20UL16NanoAODv9-106X_mcRun2_asymptotic_v17-v2/NANOAODSIM
zee	DY_high_mass	35629	219887619	/DYJetsToLL_M-100to200_TuneCP5_13TeV-amcatnloFXFX-pythia8/RunIISummer20UL16NanoAODv9-106X_mcRun2_asymptotic_v17-v2/NANOAODSIM
zee	DY_high_mass	35635	202387	/DYJetsToLL_M-1500to2000_TuneCP5_13TeV-amcatnloFXFX-pythia8/RunIISummer20UL16NanoAODv9-106X_mcRun2_asymptotic_v17-v2/NANOAODSIM
zee	DY_high_mass	35637	204033	/DYJetsToLL_M-2000to3000_TuneCP5_13TeV-amcatnloFXFX-pythia8/RunIISummer20UL16NanoAODv9-106X_mcRun2_asymptotic_v17-v2/NANOAODSIM
zee	DY_high_mass	35649	284416	/DYJetsToLL_M-500to700_TuneCP5_13TeV-amcatnloFXFX-pythia8/RunIISummer20UL16NanoAODv9-106X_mcRun2_asymptotic_v17-v2/NANOAODSIM
zee	EWK_Zjj	35999	453000	/EWKZ2Jets_ZToLL_M-50_TuneCP5_withDipoleRecoil_13TeV-madgraph-pythia8/RunIISummer20UL16NanoAODv9-106X_mcRun2_asymptotic_v17-v1/NANOAODSIM
zmumu	DY_inclusive_NLO_and_LO	35631	49267069	/DYJetsToLL_M-10to50_TuneCP5_13TeV-amcatnloFXFX-pythia8/RunIISummer20UL16NanoAODv9-106X_mcRun2_asymptotic_v17-v1/NANOAODSIM
zmumu	DY_inclusive_NLO_and_LO	35633	22388550	/DYJetsToLL_M-10to50_TuneCP5_13TeV-madgraphMLM-pythia8/RunIISummer20UL16NanoAODv9-106X_mcRun2_asymptotic_v17-v1/NANOAODSIM
zmumu	DY_inclusive_NLO_and_LO	35669	71839442	/DYJetsToLL_M-50_TuneCP5_13TeV-amcatnloFXFX-pythia8/RunIISummer20UL16NanoAODv9-106X_mcRun2_asymptotic_v17-v1/NANOAODSIM
zmumu	DY_inclusive_NLO_and_LO	35671	82448537	/DYJetsToLL_M-50_TuneCP5_13TeV-madgraphMLM-pythia8/RunIISummer20UL16NanoAODv9-106X_mcRun2_asymptotic_v17-v1/NANOAODSIM
zmumu	ZToMuMu_powheg_mass_binned	75468	100000	/ZToMuMu_M-120To200_TuneCP5_13TeV-powheg-pythia8/RunIISummer20UL16NanoAODv9-106X_mcRun2_asymptotic_v17-v1/NANOAODSIM
zmumu	ZToMuMu_powheg_mass_binned	75470	100000	/ZToMuMu_M-1400To2300_TuneCP5_13TeV-powheg-pythia8/RunIISummer20UL16NanoAODv9-106X_mcRun2_asymptotic_v17-v1/NANOAODSIM
zmumu	ZToMuMu_powheg_mass_binned	75472	100000	/ZToMuMu_M-200To400_TuneCP5_13TeV-powheg-pythia8/RunIISummer20UL16NanoAODv9-106X_mcRun2_asymptotic_v17-v1/NANOAODSIM
zmumu	ZToMuMu_powheg_mass_binned	75474	100000	/ZToMuMu_M-2300To3500_TuneCP5_13TeV-powheg-pythia8/RunIISummer20UL16NanoAODv9-106X_mcRun2_asymptotic_v17-v1/NANOAODSIM
zmumu	ZToMuMu_powheg_mass_binned	75476	99000	/ZToMuMu_M-3500To4500_TuneCP5_13TeV-powheg-pythia8/RunIISummer20UL16NanoAODv9-106X_mcRun2_asymptotic_v17-v1/NANOAODSIM
zmumu	ZToMuMu_powheg_mass_binned	75478	98000	/ZToMuMu_M-400To800_TuneCP5_13TeV-powheg-pythia8/RunIISummer20UL16NanoAODv9-106X_mcRun2_asymptotic_v17-v1/NANOAODSIM
zmumu	ZToMuMu_powheg_mass_binned	75480	100000	/ZToMuMu_M-4500To6000_TuneCP5_13TeV-powheg-pythia8/RunIISummer20UL16NanoAODv9-106X_mcRun2_asymptotic_v17-v1/NANOAODSIM
zmumu	ZToMuMu_powheg_mass_binned	75482	2955000	/ZToMuMu_M-50To120_TuneCP5_13TeV-powheg-pythia8/RunIISummer20UL16NanoAODv9-106X_mcRun2_asymptotic_v17-v1/NANOAODSIM
zmumu	ZToMuMu_powheg_mass_binned	75484	99000	/ZToMuMu_M-6000ToInf_TuneCP5_13TeV-powheg-pythia8/RunIISummer20UL16NanoAODv9-106X_mcRun2_asymptotic_v17-v1/NANOAODSIM
zmumu	ZToMuMu_powheg_mass_binned	75486	100000	/ZToMuMu_M-800To1400_TuneCP5_13TeV-powheg-pythia8/RunIISummer20UL16NanoAODv9-106X_mcRun2_asymptotic_v17-v1/NANOAODSIM
zmumu	DYToMuMu_high_mass_powheg	35751	2500000	/DYToMuMu_M-120To200_TuneCP5_13TeV-powheg-pythia8/RunIISummer20UL16NanoAODv9-106X_mcRun2_asymptotic_v17-v1/NANOAODSIM
zmumu	DYToMuMu_high_mass_powheg	35753	2500	/DYToMuMu_M-1400To2300_TuneCP5_13TeV-powheg-pythia8/RunIISummer20UL16NanoAODv9-106X_mcRun2_asymptotic_v17-v1/NANOAODSIM
zmumu	DYToMuMu_high_mass_powheg	35755	750000	/DYToMuMu_M-200To400_TuneCP5_13TeV-powheg-pythia8/RunIISummer20UL16NanoAODv9-106X_mcRun2_asymptotic_v17-v1/NANOAODSIM
zmumu	DYToMuMu_high_mass_powheg	35757	2500	/DYToMuMu_M-2300To3500_TuneCP5_13TeV-powheg-pythia8/RunIISummer20UL16NanoAODv9-106X_mcRun2_asymptotic_v17-v1/NANOAODSIM
zmumu	DYToMuMu_high_mass_powheg	35759	2500	/DYToMuMu_M-3500To4500_TuneCP5_13TeV-powheg-pythia8/RunIISummer20UL16NanoAODv9-106X_mcRun2_asymptotic_v17-v1/NANOAODSIM
zmumu	DYToMuMu_high_mass_powheg	35761	75000	/DYToMuMu_M-400To800_TuneCP5_13TeV-powheg-pythia8/RunIISummer20UL16NanoAODv9-106X_mcRun2_asymptotic_v17-v1/NANOAODSIM
zmumu	DYToMuMu_high_mass_powheg	35763	2500	/DYToMuMu_M-4500To6000_TuneCP5_13TeV-powheg-pythia8/RunIISummer20UL16NanoAODv9-106X_mcRun2_asymptotic_v17-v1/NANOAODSIM
zmumu	DYToMuMu_high_mass_powheg	35765	2500	/DYToMuMu_M-6000ToInf_TuneCP5_13TeV-powheg-pythia8/RunIISummer20UL16NanoAODv9-106X_mcRun2_asymptotic_v17-v1/NANOAODSIM
zmumu	DYToMuMu_high_mass_powheg	35767	5000	/DYToMuMu_M-800To1400_TuneCP5_13TeV-powheg-pythia8/RunIISummer20UL16NanoAODv9-106X_mcRun2_asymptotic_v17-v1/NANOAODSIM
zmumu	DY_high_mass	35627	201894	/DYJetsToLL_M-1000to1500_TuneCP5_13TeV-amcatnloFXFX-pythia8/RunIISummer20UL16NanoAODv9-106X_mcRun2_asymptotic_v17-v2/NANOAODSIM
zmumu	DY_high_mass	35629	219887619	/DYJetsToLL_M-100to200_TuneCP5_13TeV-amcatnloFXFX-pythia8/RunIISummer20UL16NanoAODv9-106X_mcRun2_asymptotic_v17-v2/NANOAODSIM
zmumu	DY_high_mass	35635	202387	/DYJetsToLL_M-1500to2000_TuneCP5_13TeV-amcatnloFXFX-pythia8/RunIISummer20UL16NanoAODv9-106X_mcRun2_asymptotic_v17-v2/NANOAODSIM
zmumu	DY_high_mass	35637	204033	/DYJetsToLL_M-2000to3000_TuneCP5_13TeV-amcatnloFXFX-pythia8/RunIISummer20UL16NanoAODv9-106X_mcRun2_asymptotic_v17-v2/NANOAODSIM
zmumu	DY_high_mass	35649	284416	/DYJetsToLL_M-500to700_TuneCP5_13TeV-amcatnloFXFX-pythia8/RunIISummer20UL16NanoAODv9-106X_mcRun2_asymptotic_v17-v2/NANOAODSIM
zmumu	EWK_Zjj	35999	453000	/EWKZ2Jets_ZToLL_M-50_TuneCP5_withDipoleRecoil_13TeV-madgraph-pythia8/RunIISummer20UL16NanoAODv9-106X_mcRun2_asymptotic_v17-v1/NANOAODSIM
diboson	WW	72658	19976139	/WWTo1L1Nu2Q_4f_TuneCP5_13TeV-amcatnloFXFX-pythia8/RunIISummer20UL16NanoAODv9-106X_mcRun2_asymptotic_v17-v1/NANOAODSIM
diboson	WW	72676	2900000	/WWTo2L2Nu_TuneCP5_13TeV-powheg-pythia8/RunIISummer20UL16NanoAODv9-106X_mcRun2_asymptotic_v17-v1/NANOAODSIM
diboson	WW	72684	19814659	/WWTo4Q_4f_TuneCP5_13TeV-amcatnloFXFX-pythia8/RunIISummer20UL16NanoAODv9-106X_mcRun2_asymptotic_v17-v1/NANOAODSIM
diboson	WW	72696	15821000	/WW_TuneCP5_13TeV-pythia8/RunIISummer20UL16NanoAODv9-106X_mcRun2_asymptotic_v17-v1/NANOAODSIM
diboson	WZ	72738	3690271	/WZTo1L1Nu2Q_4f_TuneCP5_13TeV-amcatnloFXFX-pythia8/RunIISummer20UL16NanoAODv9-106X_mcRun2_asymptotic_v17-v1/NANOAODSIM
diboson	WZ	72740	1229946	/WZTo1L3Nu_4f_TuneCP5_13TeV-amcatnloFXFX-pythia8/RunIISummer20UL16NanoAODv9-106X_mcRun2_asymptotic_v17-v1/NANOAODSIM
diboson	WZ	72742	13526954	/WZTo2Q2L_mllmin4p0_TuneCP5_13TeV-amcatnloFXFX-pythia8/RunIISummer20UL16NanoAODv9-106X_mcRun2_asymptotic_v17-v2/NANOAODSIM
diboson	WZ	72752	10441724	/WZTo3LNu_TuneCP5_13TeV-amcatnloFXFX-pythia8/RunIISummer20UL16NanoAODv9-106X_mcRun2_asymptotic_v17-v1/NANOAODSIM
diboson	WZ	72748	29935000	/WZTo3LNu_mllmin0p1_TuneCP5_13TeV-powheg-pythia8/RunIISummer20UL16NanoAODv9-106X_mcRun2_asymptotic_v17-v2/NANOAODSIM
diboson	WZ	72754	7584000	/WZ_TuneCP5_13TeV-pythia8/RunIISummer20UL16NanoAODv9-106X_mcRun2_asymptotic_v17-v1/NANOAODSIM
diboson	ZZ	75567	15928000	/ZZTo2L2Nu_TuneCP5_13TeV_powheg_pythia8/RunIISummer20UL16NanoAODv9-106X_mcRun2_asymptotic_v17-v1/NANOAODSIM
diboson	ZZ	75571	2468807	/ZZTo2Nu2Q_5f_TuneCP5_13TeV-amcatnloFXFX-pythia8/RunIISummer20UL16NanoAODv9-106X_mcRun2_asymptotic_v17-v1/NANOAODSIM
diboson	ZZ	75573	13740600	/ZZTo2Q2L_mllmin4p0_TuneCP5_13TeV-amcatnloFXFX-pythia8/RunIISummer20UL16NanoAODv9-106X_mcRun2_asymptotic_v17-v1/NANOAODSIM
diboson	ZZ	75589	52104000	/ZZTo4L_TuneCP5_13TeV_powheg_pythia8/RunIISummer20UL16NanoAODv9-106X_mcRun2_asymptotic_v17-v1/NANOAODSIM
diboson	ZZ	75593	1151000	/ZZ_TuneCP5_13TeV-pythia8/RunIISummer20UL16NanoAODv9-106X_mcRun2_asymptotic_v17-v1/NANOAODSIM
diboson	triboson	72701	4159000	/WWW_4F_TuneCP5_13TeV-amcatnlo-pythia8/RunIISummer20UL16NanoAODv9-106X_mcRun2_asymptotic_v17_ext1-v1/NANOAODSIM
diboson	triboson	72711	4595000	/WWZ_4F_TuneCP5_13TeV-amcatnlo-pythia8/RunIISummer20UL16NanoAODv9-106X_mcRun2_asymptotic_v17_ext1-v1/NANOAODSIM
diboson	triboson	72761	4554000	/WZZ_TuneCP5_13TeV-amcatnlo-pythia8/RunIISummer20UL16NanoAODv9-106X_mcRun2_asymptotic_v17_ext1-v1/NANOAODSIM
diboson	triboson	75600	4534000	/ZZZ_TuneCP5_13TeV-amcatnlo-pythia8/RunIISummer20UL16NanoAODv9-106X_mcRun2_asymptotic_v17_ext1-v1/NANOAODSIM
top	ttbar	67731	89003534	/TTJets_TuneCP5_13TeV-amcatnloFXFX-pythia8/RunIISummer20UL16NanoAODv9-106X_mcRun2_asymptotic_v17-v1/NANOAODSIM
top	ttbar	67801	43546000	/TTTo2L2Nu_TuneCP5_13TeV-powheg-pythia8/RunIISummer20UL16NanoAODv9-106X_mcRun2_asymptotic_v17-v1/NANOAODSIM
top	ttbar	67841	107067000	/TTToHadronic_TuneCP5_13TeV-powheg-pythia8/RunIISummer20UL16NanoAODv9-106X_mcRun2_asymptotic_v17-v1/NANOAODSIM
top	ttbar	67993	144722000	/TTToSemiLeptonic_TuneCP5_13TeV-powheg-pythia8/RunIISummer20UL16NanoAODv9-106X_mcRun2_asymptotic_v17-v1/NANOAODSIM
top	single_top	64635	5471000	/ST_s-channel_4f_leptonDecays_TuneCP5_13TeV-amcatnlo-pythia8/RunIISummer20UL16NanoAODv9-106X_mcRun2_asymptotic_v17-v1/NANOAODSIM
top	single_top	64659	30609000	/ST_t-channel_antitop_4f_InclusiveDecays_TuneCP5_13TeV-powheg-madspin-pythia8/RunIISummer20UL16NanoAODv9-106X_mcRun2_asymptotic_v17-v1/NANOAODSIM
top	single_top	64759	63073000	/ST_t-channel_top_4f_InclusiveDecays_TuneCP5_13TeV-powheg-madspin-pythia8/RunIISummer20UL16NanoAODv9-106X_mcRun2_asymptotic_v17-v1/NANOAODSIM
top	single_top	64839	3654510	/ST_tW_antitop_5f_NoFullyHadronicDecays_TuneCP5_13TeV-powheg-pythia8/RunIISummer20UL16NanoAODv9-106X_mcRun2_asymptotic_v17-v1/NANOAODSIM
top	single_top	64825	2554000	/ST_tW_antitop_5f_inclusiveDecays_TuneCP5_13TeV-powheg-pythia8/RunIISummer20UL16NanoAODv9-106X_mcRun2_asymptotic_v17-v2/NANOAODSIM
top	single_top	64895	3368375	/ST_tW_top_5f_NoFullyHadronicDecays_TuneCP5_13TeV-powheg-pythia8/RunIISummer20UL16NanoAODv9-106X_mcRun2_asymptotic_v17-v1/NANOAODSIM
top	single_top	64881	2491000	/ST_tW_top_5f_inclusiveDecays_TuneCP5_13TeV-powheg-pythia8/RunIISummer20UL16NanoAODv9-106X_mcRun2_asymptotic_v17-v2/NANOAODSIM
wjets	inclusive	69745	28268221	/WJetsToLNu_TuneCP5_13TeV-amcatnloFXFX-pythia8/RunIISummer20UL16NanoAODv9-106X_mcRun2_asymptotic_v17-v2/NANOAODSIM
wjets	inclusive	69747	80958227	/WJetsToLNu_TuneCP5_13TeV-madgraphMLM-pythia8/RunIISummer20UL16NanoAODv9-106X_mcRun2_asymptotic_v17-v1/NANOAODSIM
wjets	HT_binned	69721	19753958	/WJetsToLNu_HT-100To200_TuneCP5_13TeV-madgraphMLM-pythia8/RunIISummer20UL16NanoAODv9-106X_mcRun2_asymptotic_v17-v1/NANOAODSIM
wjets	HT_binned	69723	2090561	/WJetsToLNu_HT-1200To2500_TuneCP5_13TeV-madgraphMLM-pythia8/RunIISummer20UL16NanoAODv9-106X_mcRun2_asymptotic_v17-v1/NANOAODSIM
wjets	HT_binned	69725	15067621	/WJetsToLNu_HT-200To400_TuneCP5_13TeV-madgraphMLM-pythia8/RunIISummer20UL16NanoAODv9-106X_mcRun2_asymptotic_v17-v1/NANOAODSIM
wjets	HT_binned	69727	709514	/WJetsToLNu_HT-2500ToInf_TuneCP5_13TeV-madgraphMLM-pythia8/RunIISummer20UL16NanoAODv9-106X_mcRun2_asymptotic_v17-v2/NANOAODSIM
wjets	HT_binned	69729	2115509	/WJetsToLNu_HT-400To600_TuneCP5_13TeV-madgraphMLM-pythia8/RunIISummer20UL16NanoAODv9-106X_mcRun2_asymptotic_v17-v1/NANOAODSIM
wjets	HT_binned	69731	2251807	/WJetsToLNu_HT-600To800_TuneCP5_13TeV-madgraphMLM-pythia8/RunIISummer20UL16NanoAODv9-106X_mcRun2_asymptotic_v17-v1/NANOAODSIM
wjets	HT_binned	69733	19439931	/WJetsToLNu_HT-70To100_TuneCP5_13TeV-madgraphMLM-pythia8/RunIISummer20UL16NanoAODv9-106X_mcRun2_asymptotic_v17-v1/NANOAODSIM
wjets	HT_binned	69735	2132228	/WJetsToLNu_HT-800To1200_TuneCP5_13TeV-madgraphMLM-pythia8/RunIISummer20UL16NanoAODv9-106X_mcRun2_asymptotic_v17-v1/NANOAODSIM
wjets	jet_binned_NLO	69715	159756701	/WJetsToLNu_0J_TuneCP5_13TeV-amcatnloFXFX-pythia8/RunIISummer20UL16NanoAODv9-106X_mcRun2_asymptotic_v17-v1/NANOAODSIM
wjets	jet_binned_NLO	69717	167292982	/WJetsToLNu_1J_TuneCP5_13TeV-amcatnloFXFX-pythia8/RunIISummer20UL16NanoAODv9-106X_mcRun2_asymptotic_v17-v1/NANOAODSIM
wjets	jet_binned_NLO	69719	85825681	/WJetsToLNu_2J_TuneCP5_13TeV-amcatnloFXFX-pythia8/RunIISummer20UL16NanoAODv9-106X_mcRun2_asymptotic_v17-v1/NANOAODSIM
qcd	HT_binned	63079	12254238	/QCD_HT1000to1500_TuneCP5_PSWeights_13TeV-madgraphMLM-pythia8/RunIISummer20UL16NanoAODv9-106X_mcRun2_asymptotic_v17-v1/NANOAODSIM
qcd	HT_binned	63087	73506112	/QCD_HT100to200_TuneCP5_PSWeights_13TeV-madgraphMLM-pythia8/RunIISummer20UL16NanoAODv9-106X_mcRun2_asymptotic_v17-v1/NANOAODSIM
qcd	HT_binned	63095	9376965	/QCD_HT1500to2000_TuneCP5_PSWeights_13TeV-madgraphMLM-pythia8/RunIISummer20UL16NanoAODv9-106X_mcRun2_asymptotic_v17-v1/NANOAODSIM
qcd	HT_binned	63103	4867995	/QCD_HT2000toInf_TuneCP5_PSWeights_13TeV-madgraphMLM-pythia8/RunIISummer20UL16NanoAODv9-106X_mcRun2_asymptotic_v17-v1/NANOAODSIM
qcd	HT_binned	63111	43280518	/QCD_HT200to300_TuneCP5_PSWeights_13TeV-madgraphMLM-pythia8/RunIISummer20UL16NanoAODv9-106X_mcRun2_asymptotic_v17-v1/NANOAODSIM
qcd	HT_binned	63119	46335846	/QCD_HT300to500_TuneCP5_PSWeights_13TeV-madgraphMLM-pythia8/RunIISummer20UL16NanoAODv9-106X_mcRun2_asymptotic_v17-v1/NANOAODSIM
qcd	HT_binned	63127	52661606	/QCD_HT500to700_TuneCP5_PSWeights_13TeV-madgraphMLM-pythia8/RunIISummer20UL16NanoAODv9-106X_mcRun2_asymptotic_v17-v1/NANOAODSIM
qcd	HT_binned	63132	35474117	/QCD_HT50to100_TuneCP5_PSWeights_13TeV-madgraphMLM-pythia8/RunIISummer20UL16NanoAODv9-106X_mcRun2_asymptotic_v17-v1/NANOAODSIM
qcd	HT_binned	63140	41664730	/QCD_HT700to1000_TuneCP5_PSWeights_13TeV-madgraphMLM-pythia8/RunIISummer20UL16NanoAODv9-106X_mcRun2_asymptotic_v17-v1/NANOAODSIM
qcd	MuEnriched	63146	13905446	/QCD_Pt-1000_MuEnrichedPt5_TuneCP5_13TeV-pythia8/RunIISummer20UL16NanoAODv9-106X_mcRun2_asymptotic_v17-v1/NANOAODSIM
qcd	MuEnriched	63154	19772747	/QCD_Pt-120To170_MuEnrichedPt5_TuneCP5_13TeV-pythia8/RunIISummer20UL16NanoAODv9-106X_mcRun2_asymptotic_v17-v1/NANOAODSIM
qcd	MuEnriched	63164	4529975	/QCD_Pt-15To20_MuEnrichedPt5_TuneCP5_13TeV-pythia8/RunIISummer20UL16NanoAODv9-106X_mcRun2_asymptotic_v17-v2/NANOAODSIM
qcd	MuEnriched	63174	34183334	/QCD_Pt-170To300_MuEnrichedPt5_TuneCP5_13TeV-pythia8/RunIISummer20UL16NanoAODv9-106X_mcRun2_asymptotic_v17-v1/NANOAODSIM
qcd	MuEnriched	63186	30853571	/QCD_Pt-20To30_MuEnrichedPt5_TuneCP5_13TeV-pythia8/RunIISummer20UL16NanoAODv9-106X_mcRun2_asymptotic_v17-v1/NANOAODSIM
qcd	MuEnriched	63192	29824712	/QCD_Pt-300To470_MuEnrichedPt5_TuneCP5_13TeV-pythia8/RunIISummer20UL16NanoAODv9-106X_mcRun2_asymptotic_v17-v1/NANOAODSIM
qcd	MuEnriched	63204	35474172	/QCD_Pt-30To50_MuEnrichedPt5_TuneCP5_13TeV-pythia8/RunIISummer20UL16NanoAODv9-106X_mcRun2_asymptotic_v17-v1/NANOAODSIM
qcd	MuEnriched	63216	19771458	/QCD_Pt-470To600_MuEnrichedPt5_TuneCP5_13TeV-pythia8/RunIISummer20UL16NanoAODv9-106X_mcRun2_asymptotic_v17-v1/NANOAODSIM
qcd	MuEnriched	63222	21491325	/QCD_Pt-50To80_MuEnrichedPt5_TuneCP5_13TeV-pythia8/RunIISummer20UL16NanoAODv9-106X_mcRun2_asymptotic_v17-v1/NANOAODSIM
qcd	MuEnriched	63228	18165741	/QCD_Pt-600To800_MuEnrichedPt5_TuneCP5_13TeV-pythia8/RunIISummer20UL16NanoAODv9-106X_mcRun2_asymptotic_v17-v1/NANOAODSIM
qcd	MuEnriched	63232	38913226	/QCD_Pt-800To1000_MuEnrichedPt5_TuneCP5_13TeV-pythia8/RunIISummer20UL16NanoAODv9-106X_mcRun2_asymptotic_v17-v1/NANOAODSIM
qcd	MuEnriched	63238	22005632	/QCD_Pt-80To120_MuEnrichedPt5_TuneCP5_13TeV-pythia8/RunIISummer20UL16NanoAODv9-106X_mcRun2_asymptotic_v17-v1/NANOAODSIM
qcd	EMEnriched	63152	5007347	/QCD_Pt-120to170_EMEnriched_TuneCP5_13TeV-pythia8/RunIISummer20UL16NanoAODv9-106X_mcRun2_asymptotic_v17-v2/NANOAODSIM
qcd	EMEnriched	63162	4026314	/QCD_Pt-15to20_EMEnriched_TuneCP5_13TeV-pythia8/RunIISummer20UL16NanoAODv9-106X_mcRun2_asymptotic_v17-v1/NANOAODSIM
qcd	EMEnriched	63172	1861129	/QCD_Pt-170to300_EMEnriched_TuneCP5_13TeV-pythia8/RunIISummer20UL16NanoAODv9-106X_mcRun2_asymptotic_v17-v2/NANOAODSIM
qcd	EMEnriched	63184	7134788	/QCD_Pt-20to30_EMEnriched_TuneCP5_13TeV-pythia8/RunIISummer20UL16NanoAODv9-106X_mcRun2_asymptotic_v17-v2/NANOAODSIM
qcd	EMEnriched	63196	1138742	/QCD_Pt-300toInf_EMEnriched_TuneCP5_13TeV-pythia8/RunIISummer20UL16NanoAODv9-106X_mcRun2_asymptotic_v17-v2/NANOAODSIM
qcd	EMEnriched	63202	4351014	/QCD_Pt-30to50_EMEnriched_TuneCP5_13TeV-pythia8/RunIISummer20UL16NanoAODv9-106X_mcRun2_asymptotic_v17-v2/NANOAODSIM
qcd	EMEnriched	63220	5443934	/QCD_Pt-50to80_EMEnriched_TuneCP5_13TeV-pythia8/RunIISummer20UL16NanoAODv9-106X_mcRun2_asymptotic_v17-v2/NANOAODSIM
qcd	EMEnriched	63236	4804788	/QCD_Pt-80to120_EMEnriched_TuneCP5_13TeV-pythia8/RunIISummer20UL16NanoAODv9-106X_mcRun2_asymptotic_v17-v2/NANOAODSIM
