root://eospublic.cern.ch//eos/opendata/cms/Run2016G/SingleElectron/NANOAOD/UL2016_MiniAODv2_NanoAODv9-v1/110000/43B00DA0-41AF-D042-9F41-7F95FBE5E59F.root	105885642	adler32:db402e3c
root://eospublic.cern.ch//eos/opendata/cms/Run2016G/SingleElectron/NANOAOD/UL2016_MiniAODv2_NanoAODv9-v1/260000/0093A31E-1326-3145-926E-B7C57A48E0E8.root	974835456	adler32:2a0d1d35
root://eospublic.cern.ch//eos/opendata/cms/Run2016G/SingleElectron/NANOAOD/UL2016_MiniAODv2_NanoAODv9-v1/260000/01EAD3EB-94BF-2D44-B6FF-7661E7503B77.root	1561139753	adler32:5f87c53a
root://eospublic.cern.ch//eos/opendata/cms/Run2016G/SingleElectron/NANOAOD/UL2016_MiniAODv2_NanoAODv9-v1/260000/0D19EF2A-904C-5347-A8FA-8DCA87868F37.root	1112687390	adler32:78313f95
root://eospublic.cern.ch//eos/opendata/cms/Run2016G/SingleElectron/NANOAOD/UL2016_MiniAODv2_NanoAODv9-v1/260000/172C3AB6-A094-EA48-82C2-312C587F810B.root	1758332002	adler32:9fb6e229
root://eospublic.cern.ch//eos/opendata/cms/Run2016G/SingleElectron/NANOAOD/UL2016_MiniAODv2_NanoAODv9-v1/260000/19E16619-BDB5-FD46-9F16-8273ACFD5C0C.root	2252196333	adler32:f772e36c
root://eospublic.cern.ch//eos/opendata/cms/Run2016G/SingleElectron/NANOAOD/UL2016_MiniAODv2_NanoAODv9-v1/260000/1D1E459B-A4CF-D840-A207-42A894EEAEEF.root	1058274754	adler32:f9d0a1a2
root://eospublic.cern.ch//eos/opendata/cms/Run2016G/SingleElectron/NANOAOD/UL2016_MiniAODv2_NanoAODv9-v1/260000/2B9CDE6B-BF57-A943-824B-35CB02C2D245.root	1730888445	adler32:9e3501bd
root://eospublic.cern.ch//eos/opendata/cms/Run2016G/SingleElectron/NANOAOD/UL2016_MiniAODv2_NanoAODv9-v1/260000/30583D9F-D553-964E-BEE9-F98C24AB89F8.root	1515090675	adler32:dc3b338c
root://eospublic.cern.ch//eos/opendata/cms/Run2016G/SingleElectron/NANOAOD/UL2016_MiniAODv2_NanoAODv9-v1/260000/31A241F3-D4C9-D94E-8B34-B426CA8E0649.root	2513975485	adler32:39ec1727
root://eospublic.cern.ch//eos/opendata/cms/Run2016G/SingleElectron/NANOAOD/UL2016_MiniAODv2_NanoAODv9-v1/260000/38A4D060-A677-1A4E-A51B-E7D9ECDAD04D.root	1832999927	adler32:b1952d09
root://eospublic.cern.ch//eos/opendata/cms/Run2016G/SingleElectron/NANOAOD/UL2016_MiniAODv2_NanoAODv9-v1/260000/49FAAA2C-84ED-864E-80EA-55A175C5D62D.root	2409007037	adler32:4606c04a
root://eospublic.cern.ch//eos/opendata/cms/Run2016G/SingleElectron/NANOAOD/UL2016_MiniAODv2_NanoAODv9-v1/260000/59193DBF-CEF8-064F-B44A-987DA423590B.root	1399491857	adler32:b9b0ebbb
root://eospublic.cern.ch//eos/opendata/cms/Run2016G/SingleElectron/NANOAOD/UL2016_MiniAODv2_NanoAODv9-v1/260000/5DC146D2-8EE0-734B-A98C-FF046331BCB3.root	1760152467	adler32:70927e01
root://eospublic.cern.ch//eos/opendata/cms/Run2016G/SingleElectron/NANOAOD/UL2016_MiniAODv2_NanoAODv9-v1/260000/61163327-B48D-B84C-B9B6-718E787F508A.root	2138430294	adler32:646aae6c
root://eospublic.cern.ch//eos/opendata/cms/Run2016G/SingleElectron/NANOAOD/UL2016_MiniAODv2_NanoAODv9-v1/260000/65C93760-0935-B641-98F7-63F88BB46F4C.root	2390446176	adler32:8fda0f13
root://eospublic.cern.ch//eos/opendata/cms/Run2016G/SingleElectron/NANOAOD/UL2016_MiniAODv2_NanoAODv9-v1/260000/670E43C7-359C-FA45-84A5-43F07F1F0F9C.root	2137615132	adler32:1ee9eaab
root://eospublic.cern.ch//eos/opendata/cms/Run2016G/SingleElectron/NANOAOD/UL2016_MiniAODv2_NanoAODv9-v1/260000/6A2102DB-55A4-6B43-891F-6B7AB6DE88E2.root	1964604246	adler32:c0a29aec
root://eospublic.cern.ch//eos/opendata/cms/Run2016G/SingleElectron/NANOAOD/UL2016_MiniAODv2_NanoAODv9-v1/260000/77FBAFF1-C7E9-6541-9B0B-E2A76A1EA0D2.root	2351533728	adler32:575a00d4
root://eospublic.cern.ch//eos/opendata/cms/Run2016G/SingleElectron/NANOAOD/UL2016_MiniAODv2_NanoAODv9-v1/260000/86FCCAC0-E439-2C4A-BFC9-13029BDD8431.root	2620371064	adler32:27a891e0
root://eospublic.cern.ch//eos/opendata/cms/Run2016G/SingleElectron/NANOAOD/UL2016_MiniAODv2_NanoAODv9-v1/260000/8E4E41F9-FCAB-A34E-8D79-F3C2E76759FA.root	2606120492	adler32:0e61cf18
root://eospublic.cern.ch//eos/opendata/cms/Run2016G/SingleElectron/NANOAOD/UL2016_MiniAODv2_NanoAODv9-v1/260000/954D99E8-1411-764A-B443-CF0CE05172DC.root	1179639211	adler32:78bebc3a
root://eospublic.cern.ch//eos/opendata/cms/Run2016G/SingleElectron/NANOAOD/UL2016_MiniAODv2_NanoAODv9-v1/260000/95C9BA58-E9BA-F243-845A-6B835CC97BD8.root	927705844	adler32:3a6412eb
root://eospublic.cern.ch//eos/opendata/cms/Run2016G/SingleElectron/NANOAOD/UL2016_MiniAODv2_NanoAODv9-v1/260000/98BBB482-211A-4F43-9670-D60A697478B1.root	2155909528	adler32:e23f1119
root://eospublic.cern.ch//eos/opendata/cms/Run2016G/SingleElectron/NANOAOD/UL2016_MiniAODv2_NanoAODv9-v1/260000/9ABE5270-E3B7-BE4A-A892-D1C24D401C21.root	1431235063	adler32:6ff59fae
root://eospublic.cern.ch//eos/opendata/cms/Run2016G/SingleElectron/NANOAOD/UL2016_MiniAODv2_NanoAODv9-v1/260000/9DB2F132-AB01-7040-9F10-F8D294026436.root	1792223007	adler32:91a11708
root://eospublic.cern.ch//eos/opendata/cms/Run2016G/SingleElectron/NANOAOD/UL2016_MiniAODv2_NanoAODv9-v1/260000/9E7515D7-26DB-3249-AD58-F2AD6462D5E4.root	2029985917	adler32:21520035
root://eospublic.cern.ch//eos/opendata/cms/Run2016G/SingleElectron/NANOAOD/UL2016_MiniAODv2_NanoAODv9-v1/260000/9F50ADDF-3DBD-9642-B1E6-65F20AD66598.root	1786343693	adler32:da788ff0
root://eospublic.cern.ch//eos/opendata/cms/Run2016G/SingleElectron/NANOAOD/UL2016_MiniAODv2_NanoAODv9-v1/260000/AA9D0D9A-F249-BD47-93EA-45E35DF69653.root	2557315815	adler32:7456a680
root://eospublic.cern.ch//eos/opendata/cms/Run2016G/SingleElectron/NANOAOD/UL2016_MiniAODv2_NanoAODv9-v1/260000/B4F234BD-C3A7-2948-9C5F-F8C509BDC4D7.root	2451334389	adler32:bea95a8f
root://eospublic.cern.ch//eos/opendata/cms/Run2016G/SingleElectron/NANOAOD/UL2016_MiniAODv2_NanoAODv9-v1/260000/B7B3D772-C182-AE41-9955-2B197B87AFF8.root	2483343751	adler32:9500dc6d
root://eospublic.cern.ch//eos/opendata/cms/Run2016G/SingleElectron/NANOAOD/UL2016_MiniAODv2_NanoAODv9-v1/260000/C93D0569-0832-2849-92E2-EBEE3F05A75F.root	1265430816	adler32:c500fe6f
root://eospublic.cern.ch//eos/opendata/cms/Run2016G/SingleElectron/NANOAOD/UL2016_MiniAODv2_NanoAODv9-v1/260000/CA95BEBB-BD20-A345-B517-6D32E443F129.root	1682596149	adler32:1a048bce
root://eospublic.cern.ch//eos/opendata/cms/Run2016G/SingleElectron/NANOAOD/UL2016_MiniAODv2_NanoAODv9-v1/260000/D089EB55-5567-DA40-9CB0-7E58441E7B2B.root	2708529409	adler32:dbd01b59
root://eospublic.cern.ch//eos/opendata/cms/Run2016G/SingleElectron/NANOAOD/UL2016_MiniAODv2_NanoAODv9-v1/260000/D621F4C4-ED52-9F48-938B-46641315AB8F.root	2605780621	adler32:ea84d0bf
root://eospublic.cern.ch//eos/opendata/cms/Run2016G/SingleElectron/NANOAOD/UL2016_MiniAODv2_NanoAODv9-v1/260000/D8C82F21-CD49-3C4D-BD90-33F1613369A4.root	2136525004	adler32:7b83f6af
root://eospublic.cern.ch//eos/opendata/cms/Run2016G/SingleElectron/NANOAOD/UL2016_MiniAODv2_NanoAODv9-v1/260000/DC663292-716F-2A49-AFD5-D73F20DC0AE4.root	2589767272	adler32:8509db29
root://eospublic.cern.ch//eos/opendata/cms/Run2016G/SingleElectron/NANOAOD/UL2016_MiniAODv2_NanoAODv9-v1/260000/DCB2EA4A-2822-2B41-9EE7-8F0FF60DE61B.root	2558280461	adler32:bcf33f1b
root://eospublic.cern.ch//eos/opendata/cms/Run2016G/SingleElectron/NANOAOD/UL2016_MiniAODv2_NanoAODv9-v1/260000/E3B70EA3-4108-8946-A018-DD42B727BC81.root	2657443376	adler32:0f4be1ef
root://eospublic.cern.ch//eos/opendata/cms/Run2016G/SingleElectron/NANOAOD/UL2016_MiniAODv2_NanoAODv9-v1/260000/F54A04DC-57C2-0A4A-BC08-BE67B7D15D0C.root	1505210917	adler32:93df9fa7
root://eospublic.cern.ch//eos/opendata/cms/Run2016G/SingleElectron/NANOAOD/UL2016_MiniAODv2_NanoAODv9-v1/260000/FCD59491-8863-0A4D-9F63-6E7457CACE01.root	1973950508	adler32:ffd35c4d
root://eospublic.cern.ch//eos/opendata/cms/Run2016G/SingleElectron/NANOAOD/UL2016_MiniAODv2_NanoAODv9-v1/260000/FDD8276A-7968-9C45-9D38-280DE9DDF650.root	2354903244	adler32:86907482
root://eospublic.cern.ch//eos/opendata/cms/Run2016G/SingleElectron/NANOAOD/UL2016_MiniAODv2_NanoAODv9-v1/270000/19B10F2C-40CC-C245-A1C8-9A722EA672B6.root	1253253988	adler32:447a6078
root://eospublic.cern.ch//eos/opendata/cms/Run2016G/SingleElectron/NANOAOD/UL2016_MiniAODv2_NanoAODv9-v1/270000/1C9FE2CF-36A1-AD49-938D-26F24CA7D045.root	2270751824	adler32:63618d51
root://eospublic.cern.ch//eos/opendata/cms/Run2016G/SingleElectron/NANOAOD/UL2016_MiniAODv2_NanoAODv9-v1/270000/1D6931B7-A652-4A45-8984-3BFD9EE16D84.root	1523873216	adler32:71e0f52b
root://eospublic.cern.ch//eos/opendata/cms/Run2016G/SingleElectron/NANOAOD/UL2016_MiniAODv2_NanoAODv9-v1/270000/3661903C-9BE9-044B-91F9-6849FF39B6CA.root	1372294721	adler32:bdaa4221
root://eospublic.cern.ch//eos/opendata/cms/Run2016G/SingleElectron/NANOAOD/UL2016_MiniAODv2_NanoAODv9-v1/270000/36D35EAC-3BDC-5044-BAE7-E79CB3791441.root	1905562005	adler32:bdefa3fb
root://eospublic.cern.ch//eos/opendata/cms/Run2016G/SingleElectron/NANOAOD/UL2016_MiniAODv2_NanoAODv9-v1/270000/51A0A604-31F5-3E48-B8FB-6C8B3F680ACF.root	2490238994	adler32:3f5e62fb
root://eospublic.cern.ch//eos/opendata/cms/Run2016G/SingleElectron/NANOAOD/UL2016_MiniAODv2_NanoAODv9-v1/270000/54226DD5-CD7A-9A43-8B79-C6F6389D0C7F.root	2289264981	adler32:24a93349
root://eospublic.cern.ch//eos/opendata/cms/Run2016G/SingleElectron/NANOAOD/UL2016_MiniAODv2_NanoAODv9-v1/270000/5482B2CE-D532-074E-AAE9-D21372FA3A56.root	1641980896	adler32:eecbbd93
root://eospublic.cern.ch//eos/opendata/cms/Run2016G/SingleElectron/NANOAOD/UL2016_MiniAODv2_NanoAODv9-v1/270000/5A7C9DDD-89A9-884F-821B-B0B2D10FE399.root	785774509	adler32:ae064273
root://eospublic.cern.ch//eos/opendata/cms/Run2016G/SingleElectron/NANOAOD/UL2016_MiniAODv2_NanoAODv9-v1/270000/5D546170-4CC2-8047-B7A2-DFA78CD0B796.root	2741870192	adler32:16c7405f
root://eospublic.cern.ch//eos/opendata/cms/Run2016G/SingleElectron/NANOAOD/UL2016_MiniAODv2_NanoAODv9-v1/270000/668B508C-9E6D-0A4D-AA2F-9F0F87C79F0A.root	1347090246	adler32:eac5413c
root://eospublic.cern.ch//eos/opendata/cms/Run2016G/SingleElectron/NANOAOD/UL2016_MiniAODv2_NanoAODv9-v1/270000/674CD296-D0D9-FA49-B7D3-FC0EFCA8DDDE.root	1779221310	adler32:f6b651b3
root://eospublic.cern.ch//eos/opendata/cms/Run2016G/SingleElectron/NANOAOD/UL2016_MiniAODv2_NanoAODv9-v1/270000/69F2EFAB-0664-EA47-BB96-FC1AAFD1E9D6.root	1739686598	adler32:967a5cb9
root://eospublic.cern.ch//eos/opendata/cms/Run2016G/SingleElectron/NANOAOD/UL2016_MiniAODv2_NanoAODv9-v1/270000/6A5190BA-7564-6644-B56D-EAF5E321DCC1.root	2787024746	adler32:d3676a29
root://eospublic.cern.ch//eos/opendata/cms/Run2016G/SingleElectron/NANOAOD/UL2016_MiniAODv2_NanoAODv9-v1/270000/6C322BC9-180D-654E-93A8-92BE581B7DDE.root	1631057485	adler32:3a2d0e60
root://eospublic.cern.ch//eos/opendata/cms/Run2016G/SingleElectron/NANOAOD/UL2016_MiniAODv2_NanoAODv9-v1/270000/8F883EE8-B7D4-904E-A511-6536F689A700.root	2060440196	adler32:49509e0d
root://eospublic.cern.ch//eos/opendata/cms/Run2016G/SingleElectron/NANOAOD/UL2016_MiniAODv2_NanoAODv9-v1/270000/ACFAC4F3-D8E2-F943-8E4C-9737F393B90C.root	1531999116	adler32:981e89bd
root://eospublic.cern.ch//eos/opendata/cms/Run2016G/SingleElectron/NANOAOD/UL2016_MiniAODv2_NanoAODv9-v1/270000/BB6CC8E2-C16E-1045-A3C9-78BACD26BFF9.root	1514189217	adler32:b1a9bc1b
root://eospublic.cern.ch//eos/opendata/cms/Run2016G/SingleElectron/NANOAOD/UL2016_MiniAODv2_NanoAODv9-v1/270000/BC2C1B66-83B7-0E4B-AC75-CA33FC89DDCB.root	1816386231	adler32:3fdd72de
root://eospublic.cern.ch//eos/opendata/cms/Run2016G/SingleElectron/NANOAOD/UL2016_MiniAODv2_NanoAODv9-v1/270000/BEAEFAFC-8D68-1B48-AC43-104702D74E38.root	2571965999	adler32:6fa5ac21
root://eospublic.cern.ch//eos/opendata/cms/Run2016G/SingleElectron/NANOAOD/UL2016_MiniAODv2_NanoAODv9-v1/270000/C988C8DB-CE37-E540-9E03-C5E5BB4429A5.root	2787089688	adler32:48ae6550
root://eospublic.cern.ch//eos/opendata/cms/Run2016G/SingleElectron/NANOAOD/UL2016_MiniAODv2_NanoAODv9-v1/270000/CE187FC0-27D1-764B-BB24-5C7F8418EDD6.root	2288651598	adler32:895a3960
root://eospublic.cern.ch//eos/opendata/cms/Run2016G/SingleElectron/NANOAOD/UL2016_MiniAODv2_NanoAODv9-v1/270000/D9AE3B22-4A97-164E-8635-D16400A2F32E.root	2489593086	adler32:66e8d32e
root://eospublic.cern.ch//eos/opendata/cms/Run2016G/SingleElectron/NANOAOD/UL2016_MiniAODv2_NanoAODv9-v1/270000/DFE2DCA5-A771-7448-8506-0D2740C41E39.root	2122229002	adler32:2fe9fe04
root://eospublic.cern.ch//eos/opendata/cms/Run2016G/SingleElectron/NANOAOD/UL2016_MiniAODv2_NanoAODv9-v1/270000/E4BEA898-1092-D34B-B82A-E70804FA4D95.root	2159018858	adler32:b6b816fa
root://eospublic.cern.ch//eos/opendata/cms/Run2016G/SingleElectron/NANOAOD/UL2016_MiniAODv2_NanoAODv9-v1/270000/F17689C1-08B7-8D4C-81A1-F06E4EE3B2B1.root	1791052351	adler32:17199804
root://eospublic.cern.ch//eos/opendata/cms/Run2016G/SingleElectron/NANOAOD/UL2016_MiniAODv2_NanoAODv9-v1/270000/F476C7F1-5EEB-A44D-B31E-D04A9B168713.root	2058738174	adler32:e0c69bfd
root://eospublic.cern.ch//eos/opendata/cms/Run2016G/SingleElectron/NANOAOD/UL2016_MiniAODv2_NanoAODv9-v1/270000/FD812374-389A-B745-91A5-DB00A00BBAAA.root	1555695414	adler32:55e95d87
root://eospublic.cern.ch//eos/opendata/cms/Run2016G/SingleElectron/NANOAOD/UL2016_MiniAODv2_NanoAODv9-v1/270000/FE6975B4-F048-0F47-A784-6206B98359DB.root	2334322281	adler32:e26999e2
