root://eospublic.cern.ch//eos/opendata/cms/mc/RunIISummer20UL16NanoAODv9/DYJetsToLL_1J_TuneCP5_13TeV-amcatnloFXFX-pythia8/NANOAODSIM/106X_mcRun2_asymptotic_v17-v1/2430000/4D971517-FBC4-BC4A-9C5C-6C5D1AC199C9.root	1628752060	adler32:145eac29
root://eospublic.cern.ch//eos/opendata/cms/mc/RunIISummer20UL16NanoAODv9/DYJetsToLL_1J_TuneCP5_13TeV-amcatnloFXFX-pythia8/NANOAODSIM/106X_mcRun2_asymptotic_v17-v1/2430000/B13AC01D-076F-7C4C-A6EF-E43BC51B7894.root	467209911	adler32:a0f1a482
root://eospublic.cern.ch//eos/opendata/cms/mc/RunIISummer20UL16NanoAODv9/DYJetsToLL_1J_TuneCP5_13TeV-amcatnloFXFX-pythia8/NANOAODSIM/106X_mcRun2_asymptotic_v17-v1/2430000/C8CFDB23-4A03-C64C-8A11-4F3EE66AB4A7.root	1525594886	adler32:bb17b3fa
root://eospublic.cern.ch//eos/opendata/cms/mc/RunIISummer20UL16NanoAODv9/DYJetsToLL_1J_TuneCP5_13TeV-amcatnloFXFX-pythia8/NANOAODSIM/106X_mcRun2_asymptotic_v17-v1/2520000/0476842C-0944-9E4F-8658-781809BA51CC.root	1386398883	adler32:7296596b
root://eospublic.cern.ch//eos/opendata/cms/mc/RunIISummer20UL16NanoAODv9/DYJetsToLL_1J_TuneCP5_13TeV-amcatnloFXFX-pythia8/NANOAODSIM/106X_mcRun2_asymptotic_v17-v1/2520000/06C908F1-FB7E-4A4C-B15B-4A1B072E36AB.root	731508643	adler32:79943981
root://eospublic.cern.ch//eos/opendata/cms/mc/RunIISummer20UL16NanoAODv9/DYJetsToLL_1J_TuneCP5_13TeV-amcatnloFXFX-pythia8/NANOAODSIM/106X_mcRun2_asymptotic_v17-v1/2520000/098581AD-E500-C540-9D9E-2A59938C60FD.root	2557708005	adler32:99440f06
root://eospublic.cern.ch//eos/opendata/cms/mc/RunIISummer20UL16NanoAODv9/DYJetsToLL_1J_TuneCP5_13TeV-amcatnloFXFX-pythia8/NANOAODSIM/106X_mcRun2_asymptotic_v17-v1/2520000/0BA4FF45-2DE0-8D44-AEF8-835B3C4F9004.root	629117546	adler32:25fdb9a5
root://eospublic.cern.ch//eos/opendata/cms/mc/RunIISummer20UL16NanoAODv9/DYJetsToLL_1J_TuneCP5_13TeV-amcatnloFXFX-pythia8/NANOAODSIM/106X_mcRun2_asymptotic_v17-v1/2520000/12BC29B4-0ACC-B440-90B9-1F56C56E2F00.root	1296161707	adler32:bc791b62
root://eospublic.cern.ch//eos/opendata/cms/mc/RunIISummer20UL16NanoAODv9/DYJetsToLL_1J_TuneCP5_13TeV-amcatnloFXFX-pythia8/NANOAODSIM/106X_mcRun2_asymptotic_v17-v1/2520000/16AB3EF8-2B89-5245-B2E5-1A6EFAD35684.root	2072038561	adler32:6488c347
root://eospublic.cern.ch//eos/opendata/cms/mc/RunIISummer20UL16NanoAODv9/DYJetsToLL_1J_TuneCP5_13TeV-amcatnloFXFX-pythia8/NANOAODSIM/106X_mcRun2_asymptotic_v17-v1/2520000/19D93082-C50F-3540-94A4-6AC8CCF196F0.root	2563131398	adler32:91dc8cee
root://eospublic.cern.ch//eos/opendata/cms/mc/RunIISummer20UL16NanoAODv9/DYJetsToLL_1J_TuneCP5_13TeV-amcatnloFXFX-pythia8/NANOAODSIM/106X_mcRun2_asymptotic_v17-v1/2520000/1A464740-1785-254F-B591-FE85A224A9BB.root	106249620	adler32:673bd8d7
root://eospublic.cern.ch//eos/opendata/cms/mc/RunIISummer20UL16NanoAODv9/DYJetsToLL_1J_TuneCP5_13TeV-amcatnloFXFX-pythia8/NANOAODSIM/106X_mcRun2_asymptotic_v17-v1/2520000/261DE5D2-4A9C-834D-990C-5CA0F0945746.root	1396750834	adler32:f7545c41
root://eospublic.cern.ch//eos/opendata/cms/mc/RunIISummer20UL16NanoAODv9/DYJetsToLL_1J_TuneCP5_13TeV-amcatnloFXFX-pythia8/NANOAODSIM/106X_mcRun2_asymptotic_v17-v1/2520000/2980E58F-B776-CB44-A9BC-D14D05904998.root	2557025657	adler32:44e6a8c3
root://eospublic.cern.ch//eos/opendata/cms/mc/RunIISummer20UL16NanoAODv9/DYJetsToLL_1J_TuneCP5_13TeV-amcatnloFXFX-pythia8/NANOAODSIM/106X_mcRun2_asymptotic_v17-v1/2520000/2ADCDF4E-8FEF-9A4C-A031-6169FFE357F0.root	2132603371	adler32:357a8610
root://eospublic.cern.ch//eos/opendata/cms/mc/RunIISummer20UL16NanoAODv9/DYJetsToLL_1J_TuneCP5_13TeV-amcatnloFXFX-pythia8/NANOAODSIM/106X_mcRun2_asymptotic_v17-v1/2520000/3054C3DA-9A8F-E343-933B-FA90219BA910.root	2443978074	adler32:58e9aa79
root://eospublic.cern.ch//eos/opendata/cms/mc/RunIISummer20UL16NanoAODv9/DYJetsToLL_1J_TuneCP5_13TeV-amcatnloFXFX-pythia8/NANOAODSIM/106X_mcRun2_asymptotic_v17-v1/2520000/36774602-24B5-964F-AA47-957A0927F64B.root	2443855476	adler32:279b4589
root://eospublic.cern.ch//eos/opendata/cms/mc/RunIISummer20UL16NanoAODv9/DYJetsToLL_1J_TuneCP5_13TeV-amcatnloFXFX-pythia8/NANOAODSIM/106X_mcRun2_asymptotic_v17-v1/2520000/39811757-A84F-B541-A8DE-3903B4ADB1D0.root	2442005150	adler32:3157b1f4
root://eospublic.cern.ch//eos/opendata/cms/mc/RunIISummer20UL16NanoAODv9/DYJetsToLL_1J_TuneCP5_13TeV-amcatnloFXFX-pythia8/NANOAODSIM/106X_mcRun2_asymptotic_v17-v1/2520000/3B690C91-62ED-9E4E-ACE0-B13BF40945C6.root	815309032	adler32:bdd1a0c3
root://eospublic.cern.ch//eos/opendata/cms/mc/RunIISummer20UL16NanoAODv9/DYJetsToLL_1J_TuneCP5_13TeV-amcatnloFXFX-pythia8/NANOAODSIM/106X_mcRun2_asymptotic_v17-v1/2520000/42123BC2-F34F-7841-9365-5C2C9BCA63BA.root	1733074648	adler32:2e08b7d2
root://eospublic.cern.ch//eos/opendata/cms/mc/RunIISummer20UL16NanoAODv9/DYJetsToLL_1J_TuneCP5_13TeV-amcatnloFXFX-pythia8/NANOAODSIM/106X_mcRun2_asymptotic_v17-v1/2520000/476E5F37-BA9F-D742-B892-851B59859D84.root	1512817797	adler32:b64957b1
root://eospublic.cern.ch//eos/opendata/cms/mc/RunIISummer20UL16NanoAODv9/DYJetsToLL_1J_TuneCP5_13TeV-amcatnloFXFX-pythia8/NANOAODSIM/106X_mcRun2_asymptotic_v17-v1/2520000/4EA9E0FF-345C-A14B-B51E-5296CD6455A3.root	1628085159	adler32:ad1be9de
root://eospublic.cern.ch//eos/opendata/cms/mc/RunIISummer20UL16NanoAODv9/DYJetsToLL_1J_TuneCP5_13TeV-amcatnloFXFX-pythia8/NANOAODSIM/106X_mcRun2_asymptotic_v17-v1/2520000/55484902-68DB-CB4E-8218-7E3C6685EAE5.root	2558678285	adler32:01803c9f
root://eospublic.cern.ch//eos/opendata/cms/mc/RunIISummer20UL16NanoAODv9/DYJetsToLL_1J_TuneCP5_13TeV-amcatnloFXFX-pythia8/NANOAODSIM/106X_mcRun2_asymptotic_v17-v1/2520000/5820221A-5285-8D4B-8A80-816923CD9635.root	2534870787	adler32:a3c8c389
root://eospublic.cern.ch//eos/opendata/cms/mc/RunIISummer20UL16NanoAODv9/DYJetsToLL_1J_TuneCP5_13TeV-amcatnloFXFX-pythia8/NANOAODSIM/106X_mcRun2_asymptotic_v17-v1/2520000/603583E9-A2C2-CD4B-A946-A485E9745893.root	2090340848	adler32:af12d3bf
root://eospublic.cern.ch//eos/opendata/cms/mc/RunIISummer20UL16NanoAODv9/DYJetsToLL_1J_TuneCP5_13TeV-amcatnloFXFX-pythia8/NANOAODSIM/106X_mcRun2_asymptotic_v17-v1/2520000/62BDC3C1-7FEF-A249-BD4E-59382D0573B1.root	2213066548	adler32:f99bb740
root://eospublic.cern.ch//eos/opendata/cms/mc/RunIISummer20UL16NanoAODv9/DYJetsToLL_1J_TuneCP5_13TeV-amcatnloFXFX-pythia8/NANOAODSIM/106X_mcRun2_asymptotic_v17-v1/2520000/63A42ED3-C74F-7A46-9CF5-1C3DC43D6C32.root	1559576932	adler32:031adc46
root://eospublic.cern.ch//eos/opendata/cms/mc/RunIISummer20UL16NanoAODv9/DYJetsToLL_1J_TuneCP5_13TeV-amcatnloFXFX-pythia8/NANOAODSIM/106X_mcRun2_asymptotic_v17-v1/2520000/6B10978A-C53B-164D-BFFE-C3AF72B809E9.root	1513102258	adler32:bc64cc9f
root://eospublic.cern.ch//eos/opendata/cms/mc/RunIISummer20UL16NanoAODv9/DYJetsToLL_1J_TuneCP5_13TeV-amcatnloFXFX-pythia8/NANOAODSIM/106X_mcRun2_asymptotic_v17-v1/2520000/6C24A95F-F948-174E-B4B2-CB1659094B9B.root	2541872861	adler32:fb0f1371
root://eospublic.cern.ch//eos/opendata/cms/mc/RunIISummer20UL16NanoAODv9/DYJetsToLL_1J_TuneCP5_13TeV-amcatnloFXFX-pythia8/NANOAODSIM/106X_mcRun2_asymptotic_v17-v1/2520000/6C3C1529-DFD7-E045-926C-1F1FE34F960B.root	1400160574	adler32:afc72f5a
root://eospublic.cern.ch//eos/opendata/cms/mc/RunIISummer20UL16NanoAODv9/DYJetsToLL_1J_TuneCP5_13TeV-amcatnloFXFX-pythia8/NANOAODSIM/106X_mcRun2_asymptotic_v17-v1/2520000/6DE2C5FA-E9ED-7B47-BF35-FAFD58E278BC.root	1977268991	adler32:f665724a
root://eospublic.cern.ch//eos/opendata/cms/mc/RunIISummer20UL16NanoAODv9/DYJetsToLL_1J_TuneCP5_13TeV-amcatnloFXFX-pythia8/NANOAODSIM/106X_mcRun2_asymptotic_v17-v1/2520000/739D985D-94A2-F248-894C-60F1411062BF.root	2560134547	adler32:1fdf7e7b
root://eospublic.cern.ch//eos/opendata/cms/mc/RunIISummer20UL16NanoAODv9/DYJetsToLL_1J_TuneCP5_13TeV-amcatnloFXFX-pythia8/NANOAODSIM/106X_mcRun2_asymptotic_v17-v1/2520000/8750B127-DC88-1E42-84EF-22C04F5EAE4C.root	1761226682	adler32:98a0dace
root://eospublic.cern.ch//eos/opendata/cms/mc/RunIISummer20UL16NanoAODv9/DYJetsToLL_1J_TuneCP5_13TeV-amcatnloFXFX-pythia8/NANOAODSIM/106X_mcRun2_asymptotic_v17-v1/2520000/88FD578E-4DC5-0E4B-ADF2-121AF1ABB926.root	1976808503	adler32:1b7e3c05
root://eospublic.cern.ch//eos/opendata/cms/mc/RunIISummer20UL16NanoAODv9/DYJetsToLL_1J_TuneCP5_13TeV-amcatnloFXFX-pythia8/NANOAODSIM/106X_mcRun2_asymptotic_v17-v1/2520000/8B2C895B-BACF-ED44-9338-D55B3B343A72.root	701879207	adler32:2fb64181
root://eospublic.cern.ch//eos/opendata/cms/mc/RunIISummer20UL16NanoAODv9/DYJetsToLL_1J_TuneCP5_13TeV-amcatnloFXFX-pythia8/NANOAODSIM/106X_mcRun2_asymptotic_v17-v1/2520000/9637583C-F1B4-434B-9455-6B43C65D73FA.root	235443762	adler32:ae79ff5f
root://eospublic.cern.ch//eos/opendata/cms/mc/RunIISummer20UL16NanoAODv9/DYJetsToLL_1J_TuneCP5_13TeV-amcatnloFXFX-pythia8/NANOAODSIM/106X_mcRun2_asymptotic_v17-v1/2520000/96B22247-D8B8-324B-887B-A59589D5558B.root	1977287079	adler32:2a45350b
root://eospublic.cern.ch//eos/opendata/cms/mc/RunIISummer20UL16NanoAODv9/DYJetsToLL_1J_TuneCP5_13TeV-amcatnloFXFX-pythia8/NANOAODSIM/106X_mcRun2_asymptotic_v17-v1/2520000/9F02F262-ECC3-AE4E-A425-D68623846648.root	1977383486	adler32:7d369b6e
root://eospublic.cern.ch//eos/opendata/cms/mc/RunIISummer20UL16NanoAODv9/DYJetsToLL_1J_TuneCP5_13TeV-amcatnloFXFX-pythia8/NANOAODSIM/106X_mcRun2_asymptotic_v17-v1/2520000/AF928751-2D1C-C041-A57B-853A60461522.root	584490088	adler32:fd1391c8
root://eospublic.cern.ch//eos/opendata/cms/mc/RunIISummer20UL16NanoAODv9/DYJetsToLL_1J_TuneCP5_13TeV-amcatnloFXFX-pythia8/NANOAODSIM/106X_mcRun2_asymptotic_v17-v1/2520000/B0DD76EC-15E6-B14C-9F9F-FB8395F9A80B.root	816642576	adler32:69d7abb4
root://eospublic.cern.ch//eos/opendata/cms/mc/RunIISummer20UL16NanoAODv9/DYJetsToLL_1J_TuneCP5_13TeV-amcatnloFXFX-pythia8/NANOAODSIM/106X_mcRun2_asymptotic_v17-v1/2520000/B1720010-61C7-FB44-A436-482AE8432303.root	2042862617	adler32:babeb56f
root://eospublic.cern.ch//eos/opendata/cms/mc/RunIISummer20UL16NanoAODv9/DYJetsToLL_1J_TuneCP5_13TeV-amcatnloFXFX-pythia8/NANOAODSIM/106X_mcRun2_asymptotic_v17-v1/2520000/B58D21AF-B1D3-3946-A1A2-A174ADF51C1B.root	62834699	adler32:80831940
root://eospublic.cern.ch//eos/opendata/cms/mc/RunIISummer20UL16NanoAODv9/DYJetsToLL_1J_TuneCP5_13TeV-amcatnloFXFX-pythia8/NANOAODSIM/106X_mcRun2_asymptotic_v17-v1/2520000/BC35A7E0-96AE-7349-9951-1B4B4568417E.root	1723922735	adler32:129e86ea
root://eospublic.cern.ch//eos/opendata/cms/mc/RunIISummer20UL16NanoAODv9/DYJetsToLL_1J_TuneCP5_13TeV-amcatnloFXFX-pythia8/NANOAODSIM/106X_mcRun2_asymptotic_v17-v1/2520000/BD98479B-AC2E-434F-88EE-41DED4D7990A.root	1711834476	adler32:e003228d
root://eospublic.cern.ch//eos/opendata/cms/mc/RunIISummer20UL16NanoAODv9/DYJetsToLL_1J_TuneCP5_13TeV-amcatnloFXFX-pythia8/NANOAODSIM/106X_mcRun2_asymptotic_v17-v1/2520000/C4291346-F015-F749-BF11-E8672CCAE694.root	2559174272	adler32:f6fa35af
root://eospublic.cern.ch//eos/opendata/cms/mc/RunIISummer20UL16NanoAODv9/DYJetsToLL_1J_TuneCP5_13TeV-amcatnloFXFX-pythia8/NANOAODSIM/106X_mcRun2_asymptotic_v17-v1/2520000/C6D2753A-7CF0-2C45-B6CA-B44EF7A5481E.root	1142056386	adler32:7d14b964
root://eospublic.cern.ch//eos/opendata/cms/mc/RunIISummer20UL16NanoAODv9/DYJetsToLL_1J_TuneCP5_13TeV-amcatnloFXFX-pythia8/NANOAODSIM/106X_mcRun2_asymptotic_v17-v1/2520000/D21D22D0-3E2F-3848-B63A-BC375EBFF520.root	1974762923	adler32:207a9dec
root://eospublic.cern.ch//eos/opendata/cms/mc/RunIISummer20UL16NanoAODv9/DYJetsToLL_1J_TuneCP5_13TeV-amcatnloFXFX-pythia8/NANOAODSIM/106X_mcRun2_asymptotic_v17-v1/2520000/D5C36FEF-5FB6-F64F-BE17-DFD358F2D57D.root	439292588	adler32:d1ab1f26
root://eospublic.cern.ch//eos/opendata/cms/mc/RunIISummer20UL16NanoAODv9/DYJetsToLL_1J_TuneCP5_13TeV-amcatnloFXFX-pythia8/NANOAODSIM/106X_mcRun2_asymptotic_v17-v1/2520000/D9F8FCDB-A8EA-714D-BCC1-A81992383BD1.root	2030112767	adler32:ea951c79
root://eospublic.cern.ch//eos/opendata/cms/mc/RunIISummer20UL16NanoAODv9/DYJetsToLL_1J_TuneCP5_13TeV-amcatnloFXFX-pythia8/NANOAODSIM/106X_mcRun2_asymptotic_v17-v1/2520000/DF4C3F49-3E2B-D94F-A171-0FAAED5A8F20.root	2556961925	adler32:223b6667
root://eospublic.cern.ch//eos/opendata/cms/mc/RunIISummer20UL16NanoAODv9/DYJetsToLL_1J_TuneCP5_13TeV-amcatnloFXFX-pythia8/NANOAODSIM/106X_mcRun2_asymptotic_v17-v1/2520000/E5A7D3C1-8ED2-D444-9B85-09D37F192589.root	2039633123	adler32:23ed0bb7
root://eospublic.cern.ch//eos/opendata/cms/mc/RunIISummer20UL16NanoAODv9/DYJetsToLL_1J_TuneCP5_13TeV-amcatnloFXFX-pythia8/NANOAODSIM/106X_mcRun2_asymptotic_v17-v1/2520000/FA8407F1-2537-9840-8DFD-078760B1CCBD.root	1747530068	adler32:f53ce819
root://eospublic.cern.ch//eos/opendata/cms/mc/RunIISummer20UL16NanoAODv9/DYJetsToLL_1J_TuneCP5_13TeV-amcatnloFXFX-pythia8/NANOAODSIM/106X_mcRun2_asymptotic_v17-v1/2520000/FC494E13-C352-4548-9A1C-1B5626469CC2.root	1048971577	adler32:1da39cb9
root://eospublic.cern.ch//eos/opendata/cms/mc/RunIISummer20UL16NanoAODv9/DYJetsToLL_1J_TuneCP5_13TeV-amcatnloFXFX-pythia8/NANOAODSIM/106X_mcRun2_asymptotic_v17-v1/2520000/FEB7B496-DB46-B747-938B-8DFA9C47BBAE.root	1048167109	adler32:f728cd9b
root://eospublic.cern.ch//eos/opendata/cms/mc/RunIISummer20UL16NanoAODv9/DYJetsToLL_1J_TuneCP5_13TeV-amcatnloFXFX-pythia8/NANOAODSIM/106X_mcRun2_asymptotic_v17-v1/2520000/FF87E1FD-FD65-804B-95A6-97B155DA1BDF.root	1628814965	adler32:64443976
root://eospublic.cern.ch//eos/opendata/cms/mc/RunIISummer20UL16NanoAODv9/DYJetsToLL_1J_TuneCP5_13TeV-amcatnloFXFX-pythia8/NANOAODSIM/106X_mcRun2_asymptotic_v17-v1/40000/0671F212-5175-AD41-9855-A3F2DB2E86A9.root	25461661	adler32:f858f4c7
root://eospublic.cern.ch//eos/opendata/cms/mc/RunIISummer20UL16NanoAODv9/DYJetsToLL_1J_TuneCP5_13TeV-amcatnloFXFX-pythia8/NANOAODSIM/106X_mcRun2_asymptotic_v17-v1/40000/0B50A08B-7D32-A349-9FAA-DE4D9043727E.root	1546163199	adler32:2cf8ae6f
root://eospublic.cern.ch//eos/opendata/cms/mc/RunIISummer20UL16NanoAODv9/DYJetsToLL_1J_TuneCP5_13TeV-amcatnloFXFX-pythia8/NANOAODSIM/106X_mcRun2_asymptotic_v17-v1/40000/146CDE0A-DCA2-2B41-A466-040192A5CE6A.root	234582203	adler32:a47f4034
root://eospublic.cern.ch//eos/opendata/cms/mc/RunIISummer20UL16NanoAODv9/DYJetsToLL_1J_TuneCP5_13TeV-amcatnloFXFX-pythia8/NANOAODSIM/106X_mcRun2_asymptotic_v17-v1/40000/1C163214-82D3-2844-AF7F-DAB642CDCA7F.root	770406317	adler32:7e523ce4
root://eospublic.cern.ch//eos/opendata/cms/mc/RunIISummer20UL16NanoAODv9/DYJetsToLL_1J_TuneCP5_13TeV-amcatnloFXFX-pythia8/NANOAODSIM/106X_mcRun2_asymptotic_v17-v1/40000/1FBD0753-5DD1-B04A-AED8-499DB2B712C9.root	2581555517	adler32:86606005
root://eospublic.cern.ch//eos/opendata/cms/mc/RunIISummer20UL16NanoAODv9/DYJetsToLL_1J_TuneCP5_13TeV-amcatnloFXFX-pythia8/NANOAODSIM/106X_mcRun2_asymptotic_v17-v1/40000/25846F80-6E53-B240-995A-EF0CAE572476.root	2095349201	adler32:5c5ce721
root://eospublic.cern.ch//eos/opendata/cms/mc/RunIISummer20UL16NanoAODv9/DYJetsToLL_1J_TuneCP5_13TeV-amcatnloFXFX-pythia8/NANOAODSIM/106X_mcRun2_asymptotic_v17-v1/40000/34D3188A-47B1-C344-831A-970033AB22B9.root	1213746456	adler32:f76bb58d
root://eospublic.cern.ch//eos/opendata/cms/mc/RunIISummer20UL16NanoAODv9/DYJetsToLL_1J_TuneCP5_13TeV-amcatnloFXFX-pythia8/NANOAODSIM/106X_mcRun2_asymptotic_v17-v1/40000/438C51C7-8B01-544D-B139-49AC6175E81F.root	207379868	adler32:220d5af0
root://eospublic.cern.ch//eos/opendata/cms/mc/RunIISummer20UL16NanoAODv9/DYJetsToLL_1J_TuneCP5_13TeV-amcatnloFXFX-pythia8/NANOAODSIM/106X_mcRun2_asymptotic_v17-v1/40000/4E0CBA4A-2FA4-3544-9F8B-E301284E71A1.root	1977299249	adler32:dc661d8c
root://eospublic.cern.ch//eos/opendata/cms/mc/RunIISummer20UL16NanoAODv9/DYJetsToLL_1J_TuneCP5_13TeV-amcatnloFXFX-pythia8/NANOAODSIM/106X_mcRun2_asymptotic_v17-v1/40000/5FE39FE2-64BD-1541-86E8-3AF10CD257F5.root	2555584999	adler32:558b8072
root://eospublic.cern.ch//eos/opendata/cms/mc/RunIISummer20UL16NanoAODv9/DYJetsToLL_1J_TuneCP5_13TeV-amcatnloFXFX-pythia8/NANOAODSIM/106X_mcRun2_asymptotic_v17-v1/40000/61E59242-05AD-2B4E-84FB-341875AA7AC3.root	235208564	adler32:31a1bb66
root://eospublic.cern.ch//eos/opendata/cms/mc/RunIISummer20UL16NanoAODv9/DYJetsToLL_1J_TuneCP5_13TeV-amcatnloFXFX-pythia8/NANOAODSIM/106X_mcRun2_asymptotic_v17-v1/40000/67B61EB7-C7A4-0B46-BBA0-6B634FE8552E.root	2210283605	adler32:1bde75c6
root://eospublic.cern.ch//eos/opendata/cms/mc/RunIISummer20UL16NanoAODv9/DYJetsToLL_1J_TuneCP5_13TeV-amcatnloFXFX-pythia8/NANOAODSIM/106X_mcRun2_asymptotic_v17-v1/40000/78E56E3B-2275-3947-BAE3-41E39B058997.root	218169130	adler32:8d29a731
root://eospublic.cern.ch//eos/opendata/cms/mc/RunIISummer20UL16NanoAODv9/DYJetsToLL_1J_TuneCP5_13TeV-amcatnloFXFX-pythia8/NANOAODSIM/106X_mcRun2_asymptotic_v17-v1/40000/7A116D9E-397C-E945-ABB0-D0DDA746BE42.root	780672816	adler32:2bde3316
root://eospublic.cern.ch//eos/opendata/cms/mc/RunIISummer20UL16NanoAODv9/DYJetsToLL_1J_TuneCP5_13TeV-amcatnloFXFX-pythia8/NANOAODSIM/106X_mcRun2_asymptotic_v17-v1/40000/90B2C4C8-E685-7C4E-8CE7-0D3CFF5875F4.root	1311013025	adler32:39d88a5d
root://eospublic.cern.ch//eos/opendata/cms/mc/RunIISummer20UL16NanoAODv9/DYJetsToLL_1J_TuneCP5_13TeV-amcatnloFXFX-pythia8/NANOAODSIM/106X_mcRun2_asymptotic_v17-v1/40000/97CBB6FB-D51E-634A-8ACD-7FEB636BA337.root	933559939	adler32:4c7f9203
root://eospublic.cern.ch//eos/opendata/cms/mc/RunIISummer20UL16NanoAODv9/DYJetsToLL_1J_TuneCP5_13TeV-amcatnloFXFX-pythia8/NANOAODSIM/106X_mcRun2_asymptotic_v17-v1/40000/A1A057BF-8B3A-E840-BBAD-2E4DF894A141.root	118596396	adler32:080b1e67
root://eospublic.cern.ch//eos/opendata/cms/mc/RunIISummer20UL16NanoAODv9/DYJetsToLL_1J_TuneCP5_13TeV-amcatnloFXFX-pythia8/NANOAODSIM/106X_mcRun2_asymptotic_v17-v1/40000/A516E305-A6B3-6B46-97A5-3BEBD536B38D.root	2240868126	adler32:e92341e4
root://eospublic.cern.ch//eos/opendata/cms/mc/RunIISummer20UL16NanoAODv9/DYJetsToLL_1J_TuneCP5_13TeV-amcatnloFXFX-pythia8/NANOAODSIM/106X_mcRun2_asymptotic_v17-v1/40000/C34130B9-7C7F-A740-9733-DB2E5091D73F.root	1460532143	adler32:a7189b06
root://eospublic.cern.ch//eos/opendata/cms/mc/RunIISummer20UL16NanoAODv9/DYJetsToLL_1J_TuneCP5_13TeV-amcatnloFXFX-pythia8/NANOAODSIM/106X_mcRun2_asymptotic_v17-v1/40000/D12EE08D-88AD-1D45-BE52-9C4F8F06DA58.root	593712237	adler32:5895f3c6
root://eospublic.cern.ch//eos/opendata/cms/mc/RunIISummer20UL16NanoAODv9/DYJetsToLL_1J_TuneCP5_13TeV-amcatnloFXFX-pythia8/NANOAODSIM/106X_mcRun2_asymptotic_v17-v1/40000/DF17835B-8C65-C647-9368-EC74677A0C9D.root	119832632	adler32:e2deb3e4
root://eospublic.cern.ch//eos/opendata/cms/mc/RunIISummer20UL16NanoAODv9/DYJetsToLL_1J_TuneCP5_13TeV-amcatnloFXFX-pythia8/NANOAODSIM/106X_mcRun2_asymptotic_v17-v1/40000/E6E357F8-8E81-A941-883F-EB32CE72517E.root	1763744596	adler32:fab72eef
