root://eospublic.cern.ch//eos/opendata/cms/mc/RunIISummer20UL16NanoAODv9/DYJetsToLL_M-10to50_TuneCP5_13TeV-amcatnloFXFX-pythia8/NANOAODSIM/106X_mcRun2_asymptotic_v17-v1/2520000/1F728E60-CAAE-2A41-B895-94E47669F9C9.root	2063006010	adler32:97854bc7
root://eospublic.cern.ch//eos/opendata/cms/mc/RunIISummer20UL16NanoAODv9/DYJetsToLL_M-10to50_TuneCP5_13TeV-amcatnloFXFX-pythia8/NANOAODSIM/106X_mcRun2_asymptotic_v17-v1/2520000/2365090A-74AA-524F-AAD3-447622D9FE79.root	1351245035	adler32:18ae9750
root://eospublic.cern.ch//eos/opendata/cms/mc/RunIISummer20UL16NanoAODv9/DYJetsToLL_M-10to50_TuneCP5_13TeV-amcatnloFXFX-pythia8/NANOAODSIM/106X_mcRun2_asymptotic_v17-v1/2520000/250700D2-1A68-394F-81F1-FF0110F08573.root	2058453987	adler32:78445327
root://eospublic.cern.ch//eos/opendata/cms/mc/RunIISummer20UL16NanoAODv9/DYJetsToLL_M-10to50_TuneCP5_13TeV-amcatnloFXFX-pythia8/NANOAODSIM/106X_mcRun2_asymptotic_v17-v1/2520000/26A92634-36A8-EE40-9954-34314E3BF689.root	1067549987	adler32:6d3224b5
root://eospublic.cern.ch//eos/opendata/cms/mc/RunIISummer20UL16NanoAODv9/DYJetsToLL_M-10to50_TuneCP5_13TeV-amcatnloFXFX-pythia8/NANOAODSIM/106X_mcRun2_asymptotic_v17-v1/2520000/2C3053A1-657D-6245-8C6C-21347D54EA88.root	2061326354	adler32:020d25df
root://eospublic.cern.ch//eos/opendata/cms/mc/RunIISummer20UL16NanoAODv9/DYJetsToLL_M-10to50_TuneCP5_13TeV-amcatnloFXFX-pythia8/NANOAODSIM/106X_mcRun2_asymptotic_v17-v1/2520000/2E977EBF-FDEE-164C-B9AA-08B57F29D704.root	2058561974	adler32:b534f610
root://eospublic.cern.ch//eos/opendata/cms/mc/RunIISummer20UL16NanoAODv9/DYJetsToLL_M-10to50_TuneCP5_13TeV-amcatnloFXFX-pythia8/NANOAODSIM/106X_mcRun2_asymptotic_v17-v1/2520000/3C6F9F65-F3DE-F346-BB36-151D276CED61.root	997569264	adler32:d5723522
root://eospublic.cern.ch//eos/opendata/cms/mc/RunIISummer20UL16NanoAODv9/DYJetsToLL_M-10to50_TuneCP5_13TeV-amcatnloFXFX-pythia8/NANOAODSIM/106X_mcRun2_asymptotic_v17-v1/2520000/55D5FAC0-7026-0E41-A333-C69BCB4DBAFC.root	2060238801	adler32:097c5b80
root://eospublic.cern.ch//eos/opendata/cms/mc/RunIISummer20UL16NanoAODv9/DYJetsToLL_M-10to50_TuneCP5_13TeV-amcatnloFXFX-pythia8/NANOAODSIM/106X_mcRun2_asymptotic_v17-v1/2520000/562796F8-A016-054A-BC24-0D77187FEFD2.root	2061038690	adler32:780878d2
root://eospublic.cern.ch//eos/opendata/cms/mc/RunIISummer20UL16NanoAODv9/DYJetsToLL_M-10to50_TuneCP5_13TeV-amcatnloFXFX-pythia8/NANOAODSIM/106X_mcRun2_asymptotic_v17-v1/2520000/5E1E8217-9BD7-604E-AAF9-E66DA1453CE5.root	2050526393	adler32:61ccb399
root://eospublic.cern.ch//eos/opendata/cms/mc/RunIISummer20UL16NanoAODv9/DYJetsToLL_M-10to50_TuneCP5_13TeV-amcatnloFXFX-pythia8/NANOAODSIM/106X_mcRun2_asymptotic_v17-v1/2520000/60585FBB-19A8-CF47-9697-8FC2CDF26C6D.root	1208830848	adler32:99af5804
root://eospublic.cern.ch//eos/opendata/cms/mc/RunIISummer20UL16NanoAODv9/DYJetsToLL_M-10to50_TuneCP5_13TeV-amcatnloFXFX-pythia8/NANOAODSIM/106X_mcRun2_asymptotic_v17-v1/2520000/6B35BBCE-3C04-8A4B-9001-CA067BC46BF8.root	571150135	adler32:8ef46cf9
root://eospublic.cern.ch//eos/opendata/cms/mc/RunIISummer20UL16NanoAODv9/DYJetsToLL_M-10to50_TuneCP5_13TeV-amcatnloFXFX-pythia8/NANOAODSIM/106X_mcRun2_asymptotic_v17-v1/2520000/6B587C0D-853B-9A44-8A0B-5751C200CEAE.root	1989204515	adler32:1a48d09f
root://eospublic.cern.ch//eos/opendata/cms/mc/RunIISummer20UL16NanoAODv9/DYJetsToLL_M-10to50_TuneCP5_13TeV-amcatnloFXFX-pythia8/NANOAODSIM/106X_mcRun2_asymptotic_v17-v1/2520000/760157AD-ED28-BB47-A662-88E0BA2B374A.root	1988902899	adler32:818b50c6
root://eospublic.cern.ch//eos/opendata/cms/mc/RunIISummer20UL16NanoAODv9/DYJetsToLL_M-10to50_TuneCP5_13TeV-amcatnloFXFX-pythia8/NANOAODSIM/106X_mcRun2_asymptotic_v17-v1/2520000/7C635D20-2923-8C41-98D6-7FF6E14511D3.root	1421945692	adler32:c03b5955
root://eospublic.cern.ch//eos/opendata/cms/mc/RunIISummer20UL16NanoAODv9/DYJetsToLL_M-10to50_TuneCP5_13TeV-amcatnloFXFX-pythia8/NANOAODSIM/106X_mcRun2_asymptotic_v17-v1/2520000/8B6896F5-5D17-8844-9CD4-3B2E72F78A48.root	2061065255	adler32:f995b1a4
root://eospublic.cern.ch//eos/opendata/cms/mc/RunIISummer20UL16NanoAODv9/DYJetsToLL_M-10to50_TuneCP5_13TeV-amcatnloFXFX-pythia8/NANOAODSIM/106X_mcRun2_asymptotic_v17-v1/2520000/92095DC2-123C-BB45-B139-03B66A758C5E.root	1137454321	adler32:1f57e090
root://eospublic.cern.ch//eos/opendata/cms/mc/RunIISummer20UL16NanoAODv9/DYJetsToLL_M-10to50_TuneCP5_13TeV-amcatnloFXFX-pythia8/NANOAODSIM/106X_mcRun2_asymptotic_v17-v1/2520000/9A88AA35-61EF-FD48-863D-EAB3DAC6C928.root	1634128233	adler32:3b5364f1
root://eospublic.cern.ch//eos/opendata/cms/mc/RunIISummer20UL16NanoAODv9/DYJetsToLL_M-10to50_TuneCP5_13TeV-amcatnloFXFX-pythia8/NANOAODSIM/106X_mcRun2_asymptotic_v17-v1/2520000/AFB84B1A-07AA-D24A-9AC9-51FECC03C3A4.root	1066319183	adler32:5c27e501
root://eospublic.cern.ch//eos/opendata/cms/mc/RunIISummer20UL16NanoAODv9/DYJetsToLL_M-10to50_TuneCP5_13TeV-amcatnloFXFX-pythia8/NANOAODSIM/106X_mcRun2_asymptotic_v17-v1/2520000/CCD42FA2-08F5-2948-A463-7D4B771383BF.root	2059642034	adler32:d61f71a5
root://eospublic.cern.ch//eos/opendata/cms/mc/RunIISummer20UL16NanoAODv9/DYJetsToLL_M-10to50_TuneCP5_13TeV-amcatnloFXFX-pythia8/NANOAODSIM/106X_mcRun2_asymptotic_v17-v1/2520000/E23B71F3-BB25-044A-96FC-53E4ECB0A8E9.root	1844509307	adler32:30c5201b
root://eospublic.cern.ch//eos/opendata/cms/mc/RunIISummer20UL16NanoAODv9/DYJetsToLL_M-10to50_TuneCP5_13TeV-amcatnloFXFX-pythia8/NANOAODSIM/106X_mcRun2_asymptotic_v17-v1/2520000/E971DF71-2F86-FA43-8FE2-F278ED5AFA12.root	1422124010	adler32:7d34b4f2
root://eospublic.cern.ch//eos/opendata/cms/mc/RunIISummer20UL16NanoAODv9/DYJetsToLL_M-10to50_TuneCP5_13TeV-amcatnloFXFX-pythia8/NANOAODSIM/106X_mcRun2_asymptotic_v17-v1/2520000/EA1B497D-BF87-A245-BC92-D03BDF81EBDA.root	2060973367	adler32:2974a492
root://eospublic.cern.ch//eos/opendata/cms/mc/RunIISummer20UL16NanoAODv9/DYJetsToLL_M-10to50_TuneCP5_13TeV-amcatnloFXFX-pythia8/NANOAODSIM/106X_mcRun2_asymptotic_v17-v1/2520000/F38342E7-014C-1F4D-AB3D-442BBAC636F2.root	2061023375	adler32:b8cef5ca
root://eospublic.cern.ch//eos/opendata/cms/mc/RunIISummer20UL16NanoAODv9/DYJetsToLL_M-10to50_TuneCP5_13TeV-amcatnloFXFX-pythia8/NANOAODSIM/106X_mcRun2_asymptotic_v17-v1/2520000/FDD4DA26-C2AE-F34D-BE86-D3DFCB59A854.root	1208570750	adler32:4f6ad044
