root://eospublic.cern.ch//eos/opendata/cms/mc/RunIISummer20UL16NanoAODv9/TTToSemiLeptonic_TuneCP5_13TeV-powheg-pythia8/NANOAODSIM/106X_mcRun2_asymptotic_v17-v1/120000/08FCB2ED-176B-064B-85AB-37B898773B98.root	2627304396	adler32:bcaf2036
root://eospublic.cern.ch//eos/opendata/cms/mc/RunIISummer20UL16NanoAODv9/TTToSemiLeptonic_TuneCP5_13TeV-powheg-pythia8/NANOAODSIM/106X_mcRun2_asymptotic_v17-v1/120000/0BD60695-8388-5141-B157-32AE1A3B4885.root	2904313597	adler32:0e87de80
root://eospublic.cern.ch//eos/opendata/cms/mc/RunIISummer20UL16NanoAODv9/TTToSemiLeptonic_TuneCP5_13TeV-powheg-pythia8/NANOAODSIM/106X_mcRun2_asymptotic_v17-v1/120000/0F91D1FB-8209-154F-BBD4-DD8A3BF8E20B.root	2862054362	adler32:5ceb205f
root://eospublic.cern.ch//eos/opendata/cms/mc/RunIISummer20UL16NanoAODv9/TTToSemiLeptonic_TuneCP5_13TeV-powheg-pythia8/NANOAODSIM/106X_mcRun2_asymptotic_v17-v1/120000/18C263F0-0CA5-EF45-A6D4-E4FE3578ADE4.root	1505602258	adler32:7ea30a07
root://eospublic.cern.ch//eos/opendata/cms/mc/RunIISummer20UL16NanoAODv9/TTToSemiLeptonic_TuneCP5_13TeV-powheg-pythia8/NANOAODSIM/106X_mcRun2_asymptotic_v17-v1/120000/1D63950A-E444-E049-BFF0-D33296A8A6CA.root	2861162179	adler32:1ac36f1e
root://eospublic.cern.ch//eos/opendata/cms/mc/RunIISummer20UL16NanoAODv9/TTToSemiLeptonic_TuneCP5_13TeV-powheg-pythia8/NANOAODSIM/106X_mcRun2_asymptotic_v17-v1/120000/2D439FBF-CF8D-654F-93B1-2F7D0A74B0CB.root	2439499987	adler32:3dfd6c0b
root://eospublic.cern.ch//eos/opendata/cms/mc/RunIISummer20UL16NanoAODv9/TTToSemiLeptonic_TuneCP5_13TeV-powheg-pythia8/NANOAODSIM/106X_mcRun2_asymptotic_v17-v1/120000/2E85B521-A37E-0044-8662-BFB0C1291422.root	2863245351	adler32:1fcd987e
root://eospublic.cern.ch//eos/opendata/cms/mc/RunIISummer20UL16NanoAODv9/TTToSemiLeptonic_TuneCP5_13TeV-powheg-pythia8/NANOAODSIM/106X_mcRun2_asymptotic_v17-v1/120000/301EA765-5A14-1B43-ADED-D3BE6147134B.root	1927875941	adler32:6cbcb255
root://eospublic.cern.ch//eos/opendata/cms/mc/RunIISummer20UL16NanoAODv9/TTToSemiLeptonic_TuneCP5_13TeV-powheg-pythia8/NANOAODSIM/106X_mcRun2_asymptotic_v17-v1/120000/38728C1E-8B09-954D-8F53-FD7D939FFFBE.root	1596522095	adler32:ee74ee4f
root://eospublic.cern.ch//eos/opendata/cms/mc/RunIISummer20UL16NanoAODv9/TTToSemiLeptonic_TuneCP5_13TeV-powheg-pythia8/NANOAODSIM/106X_mcRun2_asymptotic_v17-v1/120000/38732C5E-2EDA-B04E-82EF-D2D59660EC70.root	1748912006	adler32:84c06972
root://eospublic.cern.ch//eos/opendata/cms/mc/RunIISummer20UL16NanoAODv9/TTToSemiLeptonic_TuneCP5_13TeV-powheg-pythia8/NANOAODSIM/106X_mcRun2_asymptotic_v17-v1/120000/4F3C361D-258C-1D41-AEEA-48CB87D3839A.root	2983962015	adler32:0fb55be6
root://eospublic.cern.ch//eos/opendata/cms/mc/RunIISummer20UL16NanoAODv9/TTToSemiLeptonic_TuneCP5_13TeV-powheg-pythia8/NANOAODSIM/106X_mcRun2_asymptotic_v17-v1/120000/515BA035-03D5-1D4E-A190-DA20F24527B3.root	2861274826	adler32:619f964b
root://eospublic.cern.ch//eos/opendata/cms/mc/RunIISummer20UL16NanoAODv9/TTToSemiLeptonic_TuneCP5_13TeV-powheg-pythia8/NANOAODSIM/106X_mcRun2_asymptotic_v17-v1/120000/52BE289E-E098-294C-BBF4-976248552297.root	2824941313	adler32:213b8c17
root://eospublic.cern.ch//eos/opendata/cms/mc/RunIISummer20UL16NanoAODv9/TTToSemiLeptonic_TuneCP5_13TeV-powheg-pythia8/NANOAODSIM/106X_mcRun2_asymptotic_v17-v1/120000/5406CD79-47C3-0345-9FEB-BA4FF4B2BC71.root	2861613351	adler32:2ccb4e4d
root://eospublic.cern.ch//eos/opendata/cms/mc/RunIISummer20UL16NanoAODv9/TTToSemiLeptonic_TuneCP5_13TeV-powheg-pythia8/NANOAODSIM/106X_mcRun2_asymptotic_v17-v1/120000/581CBD80-7D60-5E42-9952-B1234440AE4F.root	718121483	adler32:af5d46e7
root://eospublic.cern.ch//eos/opendata/cms/mc/RunIISummer20UL16NanoAODv9/TTToSemiLeptonic_TuneCP5_13TeV-powheg-pythia8/NANOAODSIM/106X_mcRun2_asymptotic_v17-v1/120000/608E3128-EBD8-CD4C-A48C-2C35C4499480.root	2861727974	adler32:e5c28fc7
root://eospublic.cern.ch//eos/opendata/cms/mc/RunIISummer20UL16NanoAODv9/TTToSemiLeptonic_TuneCP5_13TeV-powheg-pythia8/NANOAODSIM/106X_mcRun2_asymptotic_v17-v1/120000/6E5733F4-BF92-7349-A50A-2C0A6BA4E4CD.root	2862763782	adler32:39ef2997
root://eospublic.cern.ch//eos/opendata/cms/mc/RunIISummer20UL16NanoAODv9/TTToSemiLeptonic_TuneCP5_13TeV-powheg-pythia8/NANOAODSIM/106X_mcRun2_asymptotic_v17-v1/120000/733A7BD3-3F27-F345-A8F4-BE11DC1AF91A.root	2828452352	adler32:dfefa467
root://eospublic.cern.ch//eos/opendata/cms/mc/RunIISummer20UL16NanoAODv9/TTToSemiLeptonic_TuneCP5_13TeV-powheg-pythia8/NANOAODSIM/106X_mcRun2_asymptotic_v17-v1/120000/7681408F-8BD8-864E-B938-AFEF0F1E3CB0.root	1820220678	adler32:c6a7ad01
root://eospublic.cern.ch//eos/opendata/cms/mc/RunIISummer20UL16NanoAODv9/TTToSemiLeptonic_TuneCP5_13TeV-powheg-pythia8/NANOAODSIM/106X_mcRun2_asymptotic_v17-v1/120000/77B512A9-44FC-4843-941D-AC3CD4245B1A.root	2864533267	adler32:571b1290
root://eospublic.cern.ch//eos/opendata/cms/mc/RunIISummer20UL16NanoAODv9/TTToSemiLeptonic_TuneCP5_13TeV-powheg-pythia8/NANOAODSIM/106X_mcRun2_asymptotic_v17-v1/120000/788BA782-7116-5643-A6FC-1EA2493298F7.root	539656756	adler32:982b0e82
root://eospublic.cern.ch//eos/opendata/cms/mc/RunIISummer20UL16NanoAODv9/TTToSemiLeptonic_TuneCP5_13TeV-powheg-pythia8/NANOAODSIM/106X_mcRun2_asymptotic_v17-v1/120000/799CCCA2-BF94-2C48-9B4C-BE0B680504D2.root	1788701398	adler32:481257b0
root://eospublic.cern.ch//eos/opendata/cms/mc/RunIISummer20UL16NanoAODv9/TTToSemiLeptonic_TuneCP5_13TeV-powheg-pythia8/NANOAODSIM/106X_mcRun2_asymptotic_v17-v1/120000/7D120E49-E712-B74B-9E1C-67F2D0057995.root	360476368	adler32:37f02b75
root://eospublic.cern.ch//eos/opendata/cms/mc/RunIISummer20UL16NanoAODv9/TTToSemiLeptonic_TuneCP5_13TeV-powheg-pythia8/NANOAODSIM/106X_mcRun2_asymptotic_v17-v1/120000/9D743040-FBD3-B349-AC43-F7F6C2A2E76F.root	2948557954	adler32:4296607b
root://eospublic.cern.ch//eos/opendata/cms/mc/RunIISummer20UL16NanoAODv9/TTToSemiLeptonic_TuneCP5_13TeV-powheg-pythia8/NANOAODSIM/106X_mcRun2_asymptotic_v17-v1/120000/B394935D-7CE4-CC48-9D5F-21691247CB69.root	2861096296	adler32:b5c3a342
root://eospublic.cern.ch//eos/opendata/cms/mc/RunIISummer20UL16NanoAODv9/TTToSemiLeptonic_TuneCP5_13TeV-powheg-pythia8/NANOAODSIM/106X_mcRun2_asymptotic_v17-v1/120000/B5A479F2-4790-6D47-8D86-8E0072E69709.root	1768603565	adler32:3312b600
root://eospublic.cern.ch//eos/opendata/cms/mc/RunIISummer20UL16NanoAODv9/TTToSemiLeptonic_TuneCP5_13TeV-powheg-pythia8/NANOAODSIM/106X_mcRun2_asymptotic_v17-v1/120000/B68E5826-9098-DA43-9AC1-EDAD206E1F49.root	1611279007	adler32:ed9daca0
root://eospublic.cern.ch//eos/opendata/cms/mc/RunIISummer20UL16NanoAODv9/TTToSemiLeptonic_TuneCP5_13TeV-powheg-pythia8/NANOAODSIM/106X_mcRun2_asymptotic_v17-v1/120000/BAED748E-4A60-ED47-A943-8BD1C3ED1C30.root	2861037121	adler32:ffd55c86
root://eospublic.cern.ch//eos/opendata/cms/mc/RunIISummer20UL16NanoAODv9/TTToSemiLeptonic_TuneCP5_13TeV-powheg-pythia8/NANOAODSIM/106X_mcRun2_asymptotic_v17-v1/120000/BCAD1751-CBCC-BE4F-80CB-8EE1A4E9E64B.root	2830242682	adler32:bdc04e74
root://eospublic.cern.ch//eos/opendata/cms/mc/RunIISummer20UL16NanoAODv9/TTToSemiLeptonic_TuneCP5_13TeV-powheg-pythia8/NANOAODSIM/106X_mcRun2_asymptotic_v17-v1/120000/C008FFA3-9764-BB4A-BD4B-4D74BF8C8DFB.root	2364171485	adler32:d7c01684
root://eospublic.cern.ch//eos/opendata/cms/mc/RunIISummer20UL16NanoAODv9/TTToSemiLeptonic_TuneCP5_13TeV-powheg-pythia8/NANOAODSIM/106X_mcRun2_asymptotic_v17-v1/120000/C749BBA3-17D9-824F-BE96-E2BD29DD5435.root	2862469191	adler32:adafd33a
root://eospublic.cern.ch//eos/opendata/cms/mc/RunIISummer20UL16NanoAODv9/TTToSemiLeptonic_TuneCP5_13TeV-powheg-pythia8/NANOAODSIM/106X_mcRun2_asymptotic_v17-v1/120000/CD5106BD-A080-F243-9C9E-B6823002BA13.root	2864821627	adler32:f558630a
root://eospublic.cern.ch//eos/opendata/cms/mc/RunIISummer20UL16NanoAODv9/TTToSemiLeptonic_TuneCP5_13TeV-powheg-pythia8/NANOAODSIM/106X_mcRun2_asymptotic_v17-v1/120000/D2164C22-DAC7-E74B-A884-1C316271AA1A.root	2504319402	adler32:13f627f0
root://eospublic.cern.ch//eos/opendata/cms/mc/RunIISummer20UL16NanoAODv9/TTToSemiLeptonic_TuneCP5_13TeV-powheg-pythia8/NANOAODSIM/106X_mcRun2_asymptotic_v17-v1/120000/D6AF8817-1087-DB4A-955A-0C14848E8F54.root	2861999141	adler32:5263ebdf
root://eospublic.cern.ch//eos/opendata/cms/mc/RunIISummer20UL16NanoAODv9/TTToSemiLeptonic_TuneCP5_13TeV-powheg-pythia8/NANOAODSIM/106X_mcRun2_asymptotic_v17-v1/120000/DA782B23-D9A2-1549-96B3-42ED362DD0B8.root	1579956546	adler32:aa6bd809
root://eospublic.cern.ch//eos/opendata/cms/mc/RunIISummer20UL16NanoAODv9/TTToSemiLeptonic_TuneCP5_13TeV-powheg-pythia8/NANOAODSIM/106X_mcRun2_asymptotic_v17-v1/120000/DCFF4026-63BC-DC42-BA91-7C177EA82D6B.root	2792143667	adler32:cca6e7d5
root://eospublic.cern.ch//eos/opendata/cms/mc/RunIISummer20UL16NanoAODv9/TTToSemiLeptonic_TuneCP5_13TeV-powheg-pythia8/NANOAODSIM/106X_mcRun2_asymptotic_v17-v1/120000/F1ECF9B1-276C-EC4E-916A-E5A4E090418E.root	2932675202	adler32:d7ead47f
root://eospublic.cern.ch//eos/opendata/cms/mc/RunIISummer20UL16NanoAODv9/TTToSemiLeptonic_TuneCP5_13TeV-powheg-pythia8/NANOAODSIM/106X_mcRun2_asymptotic_v17-v1/120000/F6C0248E-6AC1-CE45-BEFA-56A735AA214A.root	1854333341	adler32:7ef0a04c
root://eospublic.cern.ch//eos/opendata/cms/mc/RunIISummer20UL16NanoAODv9/TTToSemiLeptonic_TuneCP5_13TeV-powheg-pythia8/NANOAODSIM/106X_mcRun2_asymptotic_v17-v1/120000/FA5B9B55-06B4-A640-AF3C-7B44552E2393.root	1972407206	adler32:f5404094
root://eospublic.cern.ch//eos/opendata/cms/mc/RunIISummer20UL16NanoAODv9/TTToSemiLeptonic_TuneCP5_13TeV-powheg-pythia8/NANOAODSIM/106X_mcRun2_asymptotic_v17-v1/120000/FB5A9307-B677-B947-8970-21DA6BD7C9C2.root	2871130065	adler32:c983e988
root://eospublic.cern.ch//eos/opendata/cms/mc/RunIISummer20UL16NanoAODv9/TTToSemiLeptonic_TuneCP5_13TeV-powheg-pythia8/NANOAODSIM/106X_mcRun2_asymptotic_v17-v1/120000/FFA621C8-C16B-5740-AB60-84246D9B2FD1.root	2831978924	adler32:f07086b1
root://eospublic.cern.ch//eos/opendata/cms/mc/RunIISummer20UL16NanoAODv9/TTToSemiLeptonic_TuneCP5_13TeV-powheg-pythia8/NANOAODSIM/106X_mcRun2_asymptotic_v17-v1/130000/082C7405-F649-D24A-859A-490226F647D6.root	717830618	adler32:47214452
root://eospublic.cern.ch//eos/opendata/cms/mc/RunIISummer20UL16NanoAODv9/TTToSemiLeptonic_TuneCP5_13TeV-powheg-pythia8/NANOAODSIM/106X_mcRun2_asymptotic_v17-v1/130000/0B4EBF8D-E812-A648-B3D5-0656D7A916A2.root	2125954743	adler32:5de6958b
root://eospublic.cern.ch//eos/opendata/cms/mc/RunIISummer20UL16NanoAODv9/TTToSemiLeptonic_TuneCP5_13TeV-powheg-pythia8/NANOAODSIM/106X_mcRun2_asymptotic_v17-v1/130000/24E12E9B-16FC-4B49-8FC5-A1DA55F66812.root	1075672916	adler32:3667bee7
root://eospublic.cern.ch//eos/opendata/cms/mc/RunIISummer20UL16NanoAODv9/TTToSemiLeptonic_TuneCP5_13TeV-powheg-pythia8/NANOAODSIM/106X_mcRun2_asymptotic_v17-v1/130000/26000357-1AAE-9B42-82E6-C0E8C73A6383.root	1982427320	adler32:4c470691
root://eospublic.cern.ch//eos/opendata/cms/mc/RunIISummer20UL16NanoAODv9/TTToSemiLeptonic_TuneCP5_13TeV-powheg-pythia8/NANOAODSIM/106X_mcRun2_asymptotic_v17-v1/130000/3A7F86F2-79CF-7144-97DC-AA39A86FF7A9.root	2862333617	adler32:39634695
root://eospublic.cern.ch//eos/opendata/cms/mc/RunIISummer20UL16NanoAODv9/TTToSemiLeptonic_TuneCP5_13TeV-powheg-pythia8/NANOAODSIM/106X_mcRun2_asymptotic_v17-v1/130000/4C7FB836-6EFD-734C-BE1B-98D559F9242E.root	1926729035	adler32:4f98e792
root://eospublic.cern.ch//eos/opendata/cms/mc/RunIISummer20UL16NanoAODv9/TTToSemiLeptonic_TuneCP5_13TeV-powheg-pythia8/NANOAODSIM/106X_mcRun2_asymptotic_v17-v1/130000/531090D8-978E-4A42-8093-8243B45FCB13.root	1655256771	adler32:0c8496e9
root://eospublic.cern.ch//eos/opendata/cms/mc/RunIISummer20UL16NanoAODv9/TTToSemiLeptonic_TuneCP5_13TeV-powheg-pythia8/NANOAODSIM/106X_mcRun2_asymptotic_v17-v1/130000/599E5138-5CF6-9641-98C1-DDBB36520CBA.root	2149246308	adler32:e282c1c8
root://eospublic.cern.ch//eos/opendata/cms/mc/RunIISummer20UL16NanoAODv9/TTToSemiLeptonic_TuneCP5_13TeV-powheg-pythia8/NANOAODSIM/106X_mcRun2_asymptotic_v17-v1/130000/5E264054-F583-3A44-A0E4-64FF48207D37.root	1950034736	adler32:d19c526a
root://eospublic.cern.ch//eos/opendata/cms/mc/RunIISummer20UL16NanoAODv9/TTToSemiLeptonic_TuneCP5_13TeV-powheg-pythia8/NANOAODSIM/106X_mcRun2_asymptotic_v17-v1/130000/5EDEF575-F57C-8944-B483-667A8A72ED95.root	1834567921	adler32:8fb7be47
root://eospublic.cern.ch//eos/opendata/cms/mc/RunIISummer20UL16NanoAODv9/TTToSemiLeptonic_TuneCP5_13TeV-powheg-pythia8/NANOAODSIM/106X_mcRun2_asymptotic_v17-v1/130000/667E7CB1-F38C-D74B-A94E-8247C8F7CEF6.root	2862847150	adler32:e074ac60
root://eospublic.cern.ch//eos/opendata/cms/mc/RunIISummer20UL16NanoAODv9/TTToSemiLeptonic_TuneCP5_13TeV-powheg-pythia8/NANOAODSIM/106X_mcRun2_asymptotic_v17-v1/130000/6B0E9962-0874-854E-BCC4-99F3ECB4AEF1.root	1882139545	adler32:19053e0e
root://eospublic.cern.ch//eos/opendata/cms/mc/RunIISummer20UL16NanoAODv9/TTToSemiLeptonic_TuneCP5_13TeV-powheg-pythia8/NANOAODSIM/106X_mcRun2_asymptotic_v17-v1/130000/6E4E2647-6A09-4D45-8F1F-234D84FE70D1.root	2861789145	adler32:f16ccc4c
root://eospublic.cern.ch//eos/opendata/cms/mc/RunIISummer20UL16NanoAODv9/TTToSemiLeptonic_TuneCP5_13TeV-powheg-pythia8/NANOAODSIM/106X_mcRun2_asymptotic_v17-v1/130000/6EE99EF2-36D4-0242-90DE-027541664D97.root	2829208590	adler32:efca161e
root://eospublic.cern.ch//eos/opendata/cms/mc/RunIISummer20UL16NanoAODv9/TTToSemiLeptonic_TuneCP5_13TeV-powheg-pythia8/NANOAODSIM/106X_mcRun2_asymptotic_v17-v1/130000/709A653D-2F2A-FA4F-A86D-69DD26091974.root	1732272879	adler32:9cd97218
root://eospublic.cern.ch//eos/opendata/cms/mc/RunIISummer20UL16NanoAODv9/TTToSemiLeptonic_TuneCP5_13TeV-powheg-pythia8/NANOAODSIM/106X_mcRun2_asymptotic_v17-v1/130000/76B84D2A-2AE4-AE4B-BA52-6144DD843FAE.root	2869995692	adler32:ff6b75eb
root://eospublic.cern.ch//eos/opendata/cms/mc/RunIISummer20UL16NanoAODv9/TTToSemiLeptonic_TuneCP5_13TeV-powheg-pythia8/NANOAODSIM/106X_mcRun2_asymptotic_v17-v1/130000/7DB85334-39F9-A246-87BE-29B6E07E74A4.root	1596456978	adler32:2359d2aa
root://eospublic.cern.ch//eos/opendata/cms/mc/RunIISummer20UL16NanoAODv9/TTToSemiLeptonic_TuneCP5_13TeV-powheg-pythia8/NANOAODSIM/106X_mcRun2_asymptotic_v17-v1/130000/8D5CA583-60F1-9E47-93AC-7EB9E1360AE7.root	1968364440	adler32:2718e4ed
root://eospublic.cern.ch//eos/opendata/cms/mc/RunIISummer20UL16NanoAODv9/TTToSemiLeptonic_TuneCP5_13TeV-powheg-pythia8/NANOAODSIM/106X_mcRun2_asymptotic_v17-v1/130000/A8175577-8AA3-D142-828B-C0D183AC1D6A.root	1596919450	adler32:a2e7a193
root://eospublic.cern.ch//eos/opendata/cms/mc/RunIISummer20UL16NanoAODv9/TTToSemiLeptonic_TuneCP5_13TeV-powheg-pythia8/NANOAODSIM/106X_mcRun2_asymptotic_v17-v1/130000/AC9B54BF-8EC3-A04F-B747-32261F61760B.root	1969335748	adler32:31e61204
root://eospublic.cern.ch//eos/opendata/cms/mc/RunIISummer20UL16NanoAODv9/TTToSemiLeptonic_TuneCP5_13TeV-powheg-pythia8/NANOAODSIM/106X_mcRun2_asymptotic_v17-v1/130000/B4252915-446F-294C-A936-9BAAC8E8088B.root	359914720	adler32:2c694e55
root://eospublic.cern.ch//eos/opendata/cms/mc/RunIISummer20UL16NanoAODv9/TTToSemiLeptonic_TuneCP5_13TeV-powheg-pythia8/NANOAODSIM/106X_mcRun2_asymptotic_v17-v1/130000/BA27F623-45F5-E44B-ADC0-F1D3BBB3E99C.root	1573154938	adler32:08cfba4e
root://eospublic.cern.ch//eos/opendata/cms/mc/RunIISummer20UL16NanoAODv9/TTToSemiLeptonic_TuneCP5_13TeV-powheg-pythia8/NANOAODSIM/106X_mcRun2_asymptotic_v17-v1/130000/E67D5EE9-AEFB-0446-9BB4-757330B8A26B.root	2861769789	adler32:3ff4e9bf
root://eospublic.cern.ch//eos/opendata/cms/mc/RunIISummer20UL16NanoAODv9/TTToSemiLeptonic_TuneCP5_13TeV-powheg-pythia8/NANOAODSIM/106X_mcRun2_asymptotic_v17-v1/130000/EAC90209-246F-B94D-8AC8-42C27489B6AC.root	2901853845	adler32:8da0317b
root://eospublic.cern.ch//eos/opendata/cms/mc/RunIISummer20UL16NanoAODv9/TTToSemiLeptonic_TuneCP5_13TeV-powheg-pythia8/NANOAODSIM/106X_mcRun2_asymptotic_v17-v1/130000/EAF8DAA3-5F9C-C64D-B940-A4D96541702D.root	1535038773	adler32:a197eb4e
root://eospublic.cern.ch//eos/opendata/cms/mc/RunIISummer20UL16NanoAODv9/TTToSemiLeptonic_TuneCP5_13TeV-powheg-pythia8/NANOAODSIM/106X_mcRun2_asymptotic_v17-v1/130000/ED783F3F-0E31-3F4F-96A4-2F9AE2772129.root	2971976653	adler32:91de2561
root://eospublic.cern.ch//eos/opendata/cms/mc/RunIISummer20UL16NanoAODv9/TTToSemiLeptonic_TuneCP5_13TeV-powheg-pythia8/NANOAODSIM/106X_mcRun2_asymptotic_v17-v1/270000/0AFFFA0B-438F-0B4E-A74E-344E41B69B2D.root	1575174403	adler32:3b1cd2d0
root://eospublic.cern.ch//eos/opendata/cms/mc/RunIISummer20UL16NanoAODv9/TTToSemiLeptonic_TuneCP5_13TeV-powheg-pythia8/NANOAODSIM/106X_mcRun2_asymptotic_v17-v1/270000/170D90C6-7617-EB45-876D-1BC22C403711.root	2861964948	adler32:19a30aac
root://eospublic.cern.ch//eos/opendata/cms/mc/RunIISummer20UL16NanoAODv9/TTToSemiLeptonic_TuneCP5_13TeV-powheg-pythia8/NANOAODSIM/106X_mcRun2_asymptotic_v17-v1/270000/18F4714B-3B7D-104F-AF23-5B323B762540.root	1472740686	adler32:da4cee66
root://eospublic.cern.ch//eos/opendata/cms/mc/RunIISummer20UL16NanoAODv9/TTToSemiLeptonic_TuneCP5_13TeV-powheg-pythia8/NANOAODSIM/106X_mcRun2_asymptotic_v17-v1/270000/28ED52B8-0FE2-F44D-8975-C830DDD87656.root	1890744386	adler32:7be8a955
root://eospublic.cern.ch//eos/opendata/cms/mc/RunIISummer20UL16NanoAODv9/TTToSemiLeptonic_TuneCP5_13TeV-powheg-pythia8/NANOAODSIM/106X_mcRun2_asymptotic_v17-v1/270000/32FEAFAD-1126-CC41-9687-B2B563700EA3.root	2876208061	adler32:4a94df49
root://eospublic.cern.ch//eos/opendata/cms/mc/RunIISummer20UL16NanoAODv9/TTToSemiLeptonic_TuneCP5_13TeV-powheg-pythia8/NANOAODSIM/106X_mcRun2_asymptotic_v17-v1/270000/3432F14A-FEF0-9B46-B0CC-9452668E3F04.root	2770410936	adler32:3c5ac195
root://eospublic.cern.ch//eos/opendata/cms/mc/RunIISummer20UL16NanoAODv9/TTToSemiLeptonic_TuneCP5_13TeV-powheg-pythia8/NANOAODSIM/106X_mcRun2_asymptotic_v17-v1/270000/389927B8-6C48-6D40-891C-2D245C0AB873.root	2978219757	adler32:68720b5e
root://eospublic.cern.ch//eos/opendata/cms/mc/RunIISummer20UL16NanoAODv9/TTToSemiLeptonic_TuneCP5_13TeV-powheg-pythia8/NANOAODSIM/106X_mcRun2_asymptotic_v17-v1/270000/498606AE-2EFE-3244-B6C6-9D7130102D90.root	2860064439	adler32:9617ba5c
root://eospublic.cern.ch//eos/opendata/cms/mc/RunIISummer20UL16NanoAODv9/TTToSemiLeptonic_TuneCP5_13TeV-powheg-pythia8/NANOAODSIM/106X_mcRun2_asymptotic_v17-v1/270000/5644A12B-798F-F445-98E1-CEC588E7D7B1.root	2863728723	adler32:3369cbfa
root://eospublic.cern.ch//eos/opendata/cms/mc/RunIISummer20UL16NanoAODv9/TTToSemiLeptonic_TuneCP5_13TeV-powheg-pythia8/NANOAODSIM/106X_mcRun2_asymptotic_v17-v1/270000/7028AB38-566C-584B-91CD-AD65C1CAB6AF.root	2863257016	adler32:40aa5aba
root://eospublic.cern.ch//eos/opendata/cms/mc/RunIISummer20UL16NanoAODv9/TTToSemiLeptonic_TuneCP5_13TeV-powheg-pythia8/NANOAODSIM/106X_mcRun2_asymptotic_v17-v1/270000/7449AE39-6D6D-4341-B389-9DA5EB0A7D57.root	2847683264	adler32:ca82df3f
root://eospublic.cern.ch//eos/opendata/cms/mc/RunIISummer20UL16NanoAODv9/TTToSemiLeptonic_TuneCP5_13TeV-powheg-pythia8/NANOAODSIM/106X_mcRun2_asymptotic_v17-v1/270000/7A0A17BD-3A01-6D41-B1E1-730116978C41.root	2861615785	adler32:a123ff43
root://eospublic.cern.ch//eos/opendata/cms/mc/RunIISummer20UL16NanoAODv9/TTToSemiLeptonic_TuneCP5_13TeV-powheg-pythia8/NANOAODSIM/106X_mcRun2_asymptotic_v17-v1/270000/8D65A33A-CF86-894B-ABC7-6905A074145C.root	1611071260	adler32:55519fe9
root://eospublic.cern.ch//eos/opendata/cms/mc/RunIISummer20UL16NanoAODv9/TTToSemiLeptonic_TuneCP5_13TeV-powheg-pythia8/NANOAODSIM/106X_mcRun2_asymptotic_v17-v1/270000/937C685E-5DEB-BC41-A9DC-ED1DA345C216.root	2843082948	adler32:29d49f6d
root://eospublic.cern.ch//eos/opendata/cms/mc/RunIISummer20UL16NanoAODv9/TTToSemiLeptonic_TuneCP5_13TeV-powheg-pythia8/NANOAODSIM/106X_mcRun2_asymptotic_v17-v1/270000/B28F335F-DB03-D740-9333-E4C70FFC564D.root	2063512660	adler32:236d467d
root://eospublic.cern.ch//eos/opendata/cms/mc/RunIISummer20UL16NanoAODv9/TTToSemiLeptonic_TuneCP5_13TeV-powheg-pythia8/NANOAODSIM/106X_mcRun2_asymptotic_v17-v1/270000/C956C5DE-CC3B-F244-815E-83A6A4CED3D2.root	1610836837	adler32:8a842f08
root://eospublic.cern.ch//eos/opendata/cms/mc/RunIISummer20UL16NanoAODv9/TTToSemiLeptonic_TuneCP5_13TeV-powheg-pythia8/NANOAODSIM/106X_mcRun2_asymptotic_v17-v1/270000/CBA39E34-6BAD-B740-AB89-ECD745490CE5.root	1726161417	adler32:0dbdc921
root://eospublic.cern.ch//eos/opendata/cms/mc/RunIISummer20UL16NanoAODv9/TTToSemiLeptonic_TuneCP5_13TeV-powheg-pythia8/NANOAODSIM/106X_mcRun2_asymptotic_v17-v1/270000/D1257262-C0FA-D345-8A82-8E4EB1551830.root	2994515966	adler32:206f54c2
root://eospublic.cern.ch//eos/opendata/cms/mc/RunIISummer20UL16NanoAODv9/TTToSemiLeptonic_TuneCP5_13TeV-powheg-pythia8/NANOAODSIM/106X_mcRun2_asymptotic_v17-v1/270000/E79D4874-C489-0242-8347-0A3FF8E74A69.root	1553761517	adler32:54e9895c
root://eospublic.cern.ch//eos/opendata/cms/mc/RunIISummer20UL16NanoAODv9/TTToSemiLeptonic_TuneCP5_13TeV-powheg-pythia8/NANOAODSIM/106X_mcRun2_asymptotic_v17-v1/270000/EE71C83D-685F-6E4A-99C0-9ED7578417DF.root	2860081808	adler32:3f7f3aab
root://eospublic.cern.ch//eos/opendata/cms/mc/RunIISummer20UL16NanoAODv9/TTToSemiLeptonic_TuneCP5_13TeV-powheg-pythia8/NANOAODSIM/106X_mcRun2_asymptotic_v17-v1/270000/EECE0C71-B5AF-9346-8C67-8D9C1E9D4EDA.root	2865734175	adler32:38ebefb4
root://eospublic.cern.ch//eos/opendata/cms/mc/RunIISummer20UL16NanoAODv9/TTToSemiLeptonic_TuneCP5_13TeV-powheg-pythia8/NANOAODSIM/106X_mcRun2_asymptotic_v17-v1/270000/EF3B5E82-FA5F-6B45-A5F1-8D859F86413F.root	1611476329	adler32:fed5aa38
root://eospublic.cern.ch//eos/opendata/cms/mc/RunIISummer20UL16NanoAODv9/TTToSemiLeptonic_TuneCP5_13TeV-powheg-pythia8/NANOAODSIM/106X_mcRun2_asymptotic_v17-v1/270000/F03130A4-DE71-1043-90F6-FFB6930185B6.root	1968701477	adler32:f2f6e78e
root://eospublic.cern.ch//eos/opendata/cms/mc/RunIISummer20UL16NanoAODv9/TTToSemiLeptonic_TuneCP5_13TeV-powheg-pythia8/NANOAODSIM/106X_mcRun2_asymptotic_v17-v1/280000/0605BFCA-C65A-CA4C-8A6A-9148DC1B7B9A.root	2861352686	adler32:fd01036d
root://eospublic.cern.ch//eos/opendata/cms/mc/RunIISummer20UL16NanoAODv9/TTToSemiLeptonic_TuneCP5_13TeV-powheg-pythia8/NANOAODSIM/106X_mcRun2_asymptotic_v17-v1/280000/0C0F16E0-3063-F94A-8089-6964A9A0E22E.root	2863517175	adler32:2e96071d
root://eospublic.cern.ch//eos/opendata/cms/mc/RunIISummer20UL16NanoAODv9/TTToSemiLeptonic_TuneCP5_13TeV-powheg-pythia8/NANOAODSIM/106X_mcRun2_asymptotic_v17-v1/280000/269F3713-D203-8843-8A31-2F3C0287ED1E.root	1805699821	adler32:4f3b175b
root://eospublic.cern.ch//eos/opendata/cms/mc/RunIISummer20UL16NanoAODv9/TTToSemiLeptonic_TuneCP5_13TeV-powheg-pythia8/NANOAODSIM/106X_mcRun2_asymptotic_v17-v1/280000/2BBB8900-6637-514A-A80F-17542BBECC1A.root	2505137865	adler32:54a8d76e
root://eospublic.cern.ch//eos/opendata/cms/mc/RunIISummer20UL16NanoAODv9/TTToSemiLeptonic_TuneCP5_13TeV-powheg-pythia8/NANOAODSIM/106X_mcRun2_asymptotic_v17-v1/280000/37C523BE-D655-694D-B153-5A751632FF7D.root	2864055048	adler32:b5abceb4
root://eospublic.cern.ch//eos/opendata/cms/mc/RunIISummer20UL16NanoAODv9/TTToSemiLeptonic_TuneCP5_13TeV-powheg-pythia8/NANOAODSIM/106X_mcRun2_asymptotic_v17-v1/280000/45170D2A-584E-224D-938F-1AF554EF9F9D.root	1739796398	adler32:f9c50d3f
root://eospublic.cern.ch//eos/opendata/cms/mc/RunIISummer20UL16NanoAODv9/TTToSemiLeptonic_TuneCP5_13TeV-powheg-pythia8/NANOAODSIM/106X_mcRun2_asymptotic_v17-v1/280000/5DD53BE3-F9BD-7140-A248-708BBAE6250B.root	2861095650	adler32:2759b457
root://eospublic.cern.ch//eos/opendata/cms/mc/RunIISummer20UL16NanoAODv9/TTToSemiLeptonic_TuneCP5_13TeV-powheg-pythia8/NANOAODSIM/106X_mcRun2_asymptotic_v17-v1/280000/845DDDCD-18FB-414E-81E5-629CE68B7584.root	1969631768	adler32:ea7eff3b
root://eospublic.cern.ch//eos/opendata/cms/mc/RunIISummer20UL16NanoAODv9/TTToSemiLeptonic_TuneCP5_13TeV-powheg-pythia8/NANOAODSIM/106X_mcRun2_asymptotic_v17-v1/280000/89A4E514-322F-F74B-AC7C-7B8E205AA189.root	1611149096	adler32:a6b29eb8
root://eospublic.cern.ch//eos/opendata/cms/mc/RunIISummer20UL16NanoAODv9/TTToSemiLeptonic_TuneCP5_13TeV-powheg-pythia8/NANOAODSIM/106X_mcRun2_asymptotic_v17-v1/280000/89A9F24F-82B2-CF4B-8CEB-F0DC24DF4D30.root	592044685	adler32:e610d507
root://eospublic.cern.ch//eos/opendata/cms/mc/RunIISummer20UL16NanoAODv9/TTToSemiLeptonic_TuneCP5_13TeV-powheg-pythia8/NANOAODSIM/106X_mcRun2_asymptotic_v17-v1/280000/98FF0313-4D72-E84D-9539-AF9098719F64.root	1782745514	adler32:83e7a2c2
root://eospublic.cern.ch//eos/opendata/cms/mc/RunIISummer20UL16NanoAODv9/TTToSemiLeptonic_TuneCP5_13TeV-powheg-pythia8/NANOAODSIM/106X_mcRun2_asymptotic_v17-v1/280000/A00B0BA1-A526-3E40-8D4E-08B993B96C0D.root	1071541086	adler32:777ae7b5
root://eospublic.cern.ch//eos/opendata/cms/mc/RunIISummer20UL16NanoAODv9/TTToSemiLeptonic_TuneCP5_13TeV-powheg-pythia8/NANOAODSIM/106X_mcRun2_asymptotic_v17-v1/280000/AB1B1697-748A-2749-B489-13419B0467D4.root	2979903140	adler32:8f38b455
root://eospublic.cern.ch//eos/opendata/cms/mc/RunIISummer20UL16NanoAODv9/TTToSemiLeptonic_TuneCP5_13TeV-powheg-pythia8/NANOAODSIM/106X_mcRun2_asymptotic_v17-v1/280000/B1C6AB78-7B2F-9242-9E78-8D4612704EBD.root	2863209911	adler32:aaa82d97
root://eospublic.cern.ch//eos/opendata/cms/mc/RunIISummer20UL16NanoAODv9/TTToSemiLeptonic_TuneCP5_13TeV-powheg-pythia8/NANOAODSIM/106X_mcRun2_asymptotic_v17-v1/280000/CD46D073-75B2-E249-8B48-A6D6AF9AC6BB.root	2862607932	adler32:159e3cac
root://eospublic.cern.ch//eos/opendata/cms/mc/RunIISummer20UL16NanoAODv9/TTToSemiLeptonic_TuneCP5_13TeV-powheg-pythia8/NANOAODSIM/106X_mcRun2_asymptotic_v17-v1/280000/D5244B90-484A-0C4B-A2E1-FC61B43BA074.root	1706930411	adler32:66b8e32b
root://eospublic.cern.ch//eos/opendata/cms/mc/RunIISummer20UL16NanoAODv9/TTToSemiLeptonic_TuneCP5_13TeV-powheg-pythia8/NANOAODSIM/106X_mcRun2_asymptotic_v17-v1/280000/DA2C2988-D459-6F46-B39E-778EC1D90276.root	2062938715	adler32:63166964
root://eospublic.cern.ch//eos/opendata/cms/mc/RunIISummer20UL16NanoAODv9/TTToSemiLeptonic_TuneCP5_13TeV-powheg-pythia8/NANOAODSIM/106X_mcRun2_asymptotic_v17-v1/280000/DD8F059C-D5F2-8543-B8C7-E6902BF8D475.root	2597386803	adler32:607f3533
root://eospublic.cern.ch//eos/opendata/cms/mc/RunIISummer20UL16NanoAODv9/TTToSemiLeptonic_TuneCP5_13TeV-powheg-pythia8/NANOAODSIM/106X_mcRun2_asymptotic_v17-v1/280000/F9842AF1-DF1A-164B-868B-4B2F44E2D337.root	1773803527	adler32:f9a91308
root://eospublic.cern.ch//eos/opendata/cms/mc/RunIISummer20UL16NanoAODv9/TTToSemiLeptonic_TuneCP5_13TeV-powheg-pythia8/NANOAODSIM/106X_mcRun2_asymptotic_v17-v1/280000/FA590B06-29A5-2E44-B8C0-3DDF2E4EDE56.root	1782682419	adler32:2161ba1e
root://eospublic.cern.ch//eos/opendata/cms/mc/RunIISummer20UL16NanoAODv9/TTToSemiLeptonic_TuneCP5_13TeV-powheg-pythia8/NANOAODSIM/106X_mcRun2_asymptotic_v17-v1/280000/FF354815-9EFF-DD4B-8FE4-6E8184346F69.root	1789684774	adler32:98c43cc3
root://eospublic.cern.ch//eos/opendata/cms/mc/RunIISummer20UL16NanoAODv9/TTToSemiLeptonic_TuneCP5_13TeV-powheg-pythia8/NANOAODSIM/106X_mcRun2_asymptotic_v17-v1/70000/0025EA45-516D-FA44-90D5-57C724BE1288.root	2864182362	adler32:133d248d
root://eospublic.cern.ch//eos/opendata/cms/mc/RunIISummer20UL16NanoAODv9/TTToSemiLeptonic_TuneCP5_13TeV-powheg-pythia8/NANOAODSIM/106X_mcRun2_asymptotic_v17-v1/70000/04089478-525E-924A-90F0-E5DD4999CAFA.root	2148303760	adler32:faae7817
root://eospublic.cern.ch//eos/opendata/cms/mc/RunIISummer20UL16NanoAODv9/TTToSemiLeptonic_TuneCP5_13TeV-powheg-pythia8/NANOAODSIM/106X_mcRun2_asymptotic_v17-v1/70000/0466CE11-3870-184D-84B7-25AF38B82FDA.root	1696232670	adler32:e1950325
root://eospublic.cern.ch//eos/opendata/cms/mc/RunIISummer20UL16NanoAODv9/TTToSemiLeptonic_TuneCP5_13TeV-powheg-pythia8/NANOAODSIM/106X_mcRun2_asymptotic_v17-v1/70000/054C5ED8-9E58-5049-9967-77452D48F061.root	1255732628	adler32:c461f479
root://eospublic.cern.ch//eos/opendata/cms/mc/RunIISummer20UL16NanoAODv9/TTToSemiLeptonic_TuneCP5_13TeV-powheg-pythia8/NANOAODSIM/106X_mcRun2_asymptotic_v17-v1/70000/10A4B734-3471-2D45-BAF0-FA3ECA06116F.root	1810417206	adler32:5a9f4056
root://eospublic.cern.ch//eos/opendata/cms/mc/RunIISummer20UL16NanoAODv9/TTToSemiLeptonic_TuneCP5_13TeV-powheg-pythia8/NANOAODSIM/106X_mcRun2_asymptotic_v17-v1/70000/257843DE-C45F-184D-9D55-DE34507E676A.root	2861252254	adler32:7ff7bcaf
root://eospublic.cern.ch//eos/opendata/cms/mc/RunIISummer20UL16NanoAODv9/TTToSemiLeptonic_TuneCP5_13TeV-powheg-pythia8/NANOAODSIM/106X_mcRun2_asymptotic_v17-v1/70000/26950AAC-CD42-1C4B-8A09-E79E729FDD68.root	1525304919	adler32:9d31ee2d
root://eospublic.cern.ch//eos/opendata/cms/mc/RunIISummer20UL16NanoAODv9/TTToSemiLeptonic_TuneCP5_13TeV-powheg-pythia8/NANOAODSIM/106X_mcRun2_asymptotic_v17-v1/70000/6ACD4464-D195-0443-A127-E5E4A4119C64.root	1501278952	adler32:6f970cc6
root://eospublic.cern.ch//eos/opendata/cms/mc/RunIISummer20UL16NanoAODv9/TTToSemiLeptonic_TuneCP5_13TeV-powheg-pythia8/NANOAODSIM/106X_mcRun2_asymptotic_v17-v1/70000/6D1FE144-4CC1-6E4D-9A91-A6C36680D9EB.root	1545914010	adler32:cec13569
root://eospublic.cern.ch//eos/opendata/cms/mc/RunIISummer20UL16NanoAODv9/TTToSemiLeptonic_TuneCP5_13TeV-powheg-pythia8/NANOAODSIM/106X_mcRun2_asymptotic_v17-v1/70000/6F78A4CF-97BC-7741-B6E4-DE51CF82EE6E.root	2445746132	adler32:82bdb078
root://eospublic.cern.ch//eos/opendata/cms/mc/RunIISummer20UL16NanoAODv9/TTToSemiLeptonic_TuneCP5_13TeV-powheg-pythia8/NANOAODSIM/106X_mcRun2_asymptotic_v17-v1/70000/70F91CF1-891B-AC4D-9806-82AB5B12229E.root	1968424605	adler32:00937b9d
root://eospublic.cern.ch//eos/opendata/cms/mc/RunIISummer20UL16NanoAODv9/TTToSemiLeptonic_TuneCP5_13TeV-powheg-pythia8/NANOAODSIM/106X_mcRun2_asymptotic_v17-v1/70000/77F32248-92AB-614B-B9CE-4448CDBC2390.root	1646289193	adler32:c0eaac06
root://eospublic.cern.ch//eos/opendata/cms/mc/RunIISummer20UL16NanoAODv9/TTToSemiLeptonic_TuneCP5_13TeV-powheg-pythia8/NANOAODSIM/106X_mcRun2_asymptotic_v17-v1/70000/7C94DA4D-C0B5-8747-B6F8-E4903C610777.root	2863638789	adler32:e6fce40b
root://eospublic.cern.ch//eos/opendata/cms/mc/RunIISummer20UL16NanoAODv9/TTToSemiLeptonic_TuneCP5_13TeV-powheg-pythia8/NANOAODSIM/106X_mcRun2_asymptotic_v17-v1/70000/7E0D502E-992A-D94B-B22B-9A9E4DAA2135.root	2859848707	adler32:72e8c91c
root://eospublic.cern.ch//eos/opendata/cms/mc/RunIISummer20UL16NanoAODv9/TTToSemiLeptonic_TuneCP5_13TeV-powheg-pythia8/NANOAODSIM/106X_mcRun2_asymptotic_v17-v1/70000/81CF6DA7-77E1-BF4B-8A64-D9C5E41FC562.root	2870614141	adler32:82b6adee
root://eospublic.cern.ch//eos/opendata/cms/mc/RunIISummer20UL16NanoAODv9/TTToSemiLeptonic_TuneCP5_13TeV-powheg-pythia8/NANOAODSIM/106X_mcRun2_asymptotic_v17-v1/70000/82919C1F-33F4-C64F-95F5-300D200B08FE.root	2865127713	adler32:2e130ae8
root://eospublic.cern.ch//eos/opendata/cms/mc/RunIISummer20UL16NanoAODv9/TTToSemiLeptonic_TuneCP5_13TeV-powheg-pythia8/NANOAODSIM/106X_mcRun2_asymptotic_v17-v1/70000/84F1F4C7-73E2-924D-BBD8-CC947486E5F6.root	1904654383	adler32:d7c9b28f
root://eospublic.cern.ch//eos/opendata/cms/mc/RunIISummer20UL16NanoAODv9/TTToSemiLeptonic_TuneCP5_13TeV-powheg-pythia8/NANOAODSIM/106X_mcRun2_asymptotic_v17-v1/70000/9EC205DD-F082-2E44-9EB5-03F29950A516.root	2535652729	adler32:de1287f4
root://eospublic.cern.ch//eos/opendata/cms/mc/RunIISummer20UL16NanoAODv9/TTToSemiLeptonic_TuneCP5_13TeV-powheg-pythia8/NANOAODSIM/106X_mcRun2_asymptotic_v17-v1/70000/AAF0A922-439A-C044-A034-41EA8ED6726B.root	2862899224	adler32:6cd1d2b6
root://eospublic.cern.ch//eos/opendata/cms/mc/RunIISummer20UL16NanoAODv9/TTToSemiLeptonic_TuneCP5_13TeV-powheg-pythia8/NANOAODSIM/106X_mcRun2_asymptotic_v17-v1/70000/C1323D33-C88D-3E4A-81DA-99817B2E4C9D.root	2067876317	adler32:280122e6
root://eospublic.cern.ch//eos/opendata/cms/mc/RunIISummer20UL16NanoAODv9/TTToSemiLeptonic_TuneCP5_13TeV-powheg-pythia8/NANOAODSIM/106X_mcRun2_asymptotic_v17-v1/70000/CAEF3144-345D-DC41-B0B8-24A9472402E0.root	1760903280	adler32:ab142004
root://eospublic.cern.ch//eos/opendata/cms/mc/RunIISummer20UL16NanoAODv9/TTToSemiLeptonic_TuneCP5_13TeV-powheg-pythia8/NANOAODSIM/106X_mcRun2_asymptotic_v17-v1/70000/CCEF8E97-3971-EF44-8C30-290C3FA39C55.root	1178912723	adler32:2cf0514e
root://eospublic.cern.ch//eos/opendata/cms/mc/RunIISummer20UL16NanoAODv9/TTToSemiLeptonic_TuneCP5_13TeV-powheg-pythia8/NANOAODSIM/106X_mcRun2_asymptotic_v17-v1/70000/E1A64115-6416-AE48-9607-8A5E1A7ECD65.root	1823644272	adler32:299d36ae
root://eospublic.cern.ch//eos/opendata/cms/mc/RunIISummer20UL16NanoAODv9/TTToSemiLeptonic_TuneCP5_13TeV-powheg-pythia8/NANOAODSIM/106X_mcRun2_asymptotic_v17-v1/70000/E202BF8A-CD57-2A4F-B7F3-1C27534849AC.root	2742839565	adler32:04dd02c1
root://eospublic.cern.ch//eos/opendata/cms/mc/RunIISummer20UL16NanoAODv9/TTToSemiLeptonic_TuneCP5_13TeV-powheg-pythia8/NANOAODSIM/106X_mcRun2_asymptotic_v17-v1/70000/F43B0F3D-15FC-AB44-87AD-FD46AA0895B9.root	2861832183	adler32:ef018573
root://eospublic.cern.ch//eos/opendata/cms/mc/RunIISummer20UL16NanoAODv9/TTToSemiLeptonic_TuneCP5_13TeV-powheg-pythia8/NANOAODSIM/106X_mcRun2_asymptotic_v17-v1/70000/F5E9EC3E-3496-A842-A407-544FBAB06F6A.root	2870930788	adler32:54b0e70e
root://eospublic.cern.ch//eos/opendata/cms/mc/RunIISummer20UL16NanoAODv9/TTToSemiLeptonic_TuneCP5_13TeV-powheg-pythia8/NANOAODSIM/106X_mcRun2_asymptotic_v17-v1/70000/F8F5865F-5E5E-5C49-9044-99D712F0F18B.root	2249848040	adler32:67a382d4
