root://eospublic.cern.ch//eos/opendata/cms/mc/RunIISummer20UL16NanoAODv9/WJetsToLNu_TuneCP5_13TeV-amcatnloFXFX-pythia8/NANOAODSIM/106X_mcRun2_asymptotic_v17-v2/2520000/9EF5D45B-6E14-484F-A8B8-C3F17B686CE6.root	481751509	adler32:ea7ed94b
root://eospublic.cern.ch//eos/opendata/cms/mc/RunIISummer20UL16NanoAODv9/WJetsToLNu_TuneCP5_13TeV-amcatnloFXFX-pythia8/NANOAODSIM/106X_mcRun2_asymptotic_v17-v2/2530000/5A7D6689-67AE-114C-9E65-17DE15584737.root	1066752921	adler32:b37d1269
root://eospublic.cern.ch//eos/opendata/cms/mc/RunIISummer20UL16NanoAODv9/WJetsToLNu_TuneCP5_13TeV-amcatnloFXFX-pythia8/NANOAODSIM/106X_mcRun2_asymptotic_v17-v2/2530000/95534692-A2D6-CF48-B150-F3A2FC95249D.root	998041039	adler32:3f74630b
root://eospublic.cern.ch//eos/opendata/cms/mc/RunIISummer20UL16NanoAODv9/WJetsToLNu_TuneCP5_13TeV-amcatnloFXFX-pythia8/NANOAODSIM/106X_mcRun2_asymptotic_v17-v2/2530000/C2E79537-3A05-5F40-B820-349229F7AFAD.root	933394041	adler32:70ac1b10
root://eospublic.cern.ch//eos/opendata/cms/mc/RunIISummer20UL16NanoAODv9/WJetsToLNu_TuneCP5_13TeV-amcatnloFXFX-pythia8/NANOAODSIM/106X_mcRun2_asymptotic_v17-v2/2530000/DFE5624F-EA7E-C14A-A8F3-135778FB8138.root	991275161	adler32:23c4fb4b
root://eospublic.cern.ch//eos/opendata/cms/mc/RunIISummer20UL16NanoAODv9/WJetsToLNu_TuneCP5_13TeV-amcatnloFXFX-pythia8/NANOAODSIM/106X_mcRun2_asymptotic_v17-v2/260000/012FF5EB-B192-2945-B4A1-1E05710C10AE.root	1262806607	adler32:90a5c34f
root://eospublic.cern.ch//eos/opendata/cms/mc/RunIISummer20UL16NanoAODv9/WJetsToLNu_TuneCP5_13TeV-amcatnloFXFX-pythia8/NANOAODSIM/106X_mcRun2_asymptotic_v17-v2/260000/126851CE-DAF4-1443-9272-7E0E8159240D.root	953469142	adler32:cc09632c
root://eospublic.cern.ch//eos/opendata/cms/mc/RunIISummer20UL16NanoAODv9/WJetsToLNu_TuneCP5_13TeV-amcatnloFXFX-pythia8/NANOAODSIM/106X_mcRun2_asymptotic_v17-v2/260000/26D37FC5-E622-234C-A0A9-853955818DC1.root	1151585564	adler32:dea09844
root://eospublic.cern.ch//eos/opendata/cms/mc/RunIISummer20UL16NanoAODv9/WJetsToLNu_TuneCP5_13TeV-amcatnloFXFX-pythia8/NANOAODSIM/106X_mcRun2_asymptotic_v17-v2/260000/44C59290-FCD7-134E-A4BC-BC19E1677990.root	79510705	adler32:93ac255d
root://eospublic.cern.ch//eos/opendata/cms/mc/RunIISummer20UL16NanoAODv9/WJetsToLNu_TuneCP5_13TeV-amcatnloFXFX-pythia8/NANOAODSIM/106X_mcRun2_asymptotic_v17-v2/260000/48AABEF7-2D7F-5349-8F73-18DAF69E0C08.root	1088298936	adler32:82ca9732
root://eospublic.cern.ch//eos/opendata/cms/mc/RunIISummer20UL16NanoAODv9/WJetsToLNu_TuneCP5_13TeV-amcatnloFXFX-pythia8/NANOAODSIM/106X_mcRun2_asymptotic_v17-v2/260000/6E1392E9-5A06-7B41-B7EB-9EA2C2D2B28F.root	1009168819	adler32:d77ba635
root://eospublic.cern.ch//eos/opendata/cms/mc/RunIISummer20UL16NanoAODv9/WJetsToLNu_TuneCP5_13TeV-amcatnloFXFX-pythia8/NANOAODSIM/106X_mcRun2_asymptotic_v17-v2/260000/7C483E67-1965-8F41-806E-C3800B6E608D.root	1726198993	adler32:a8d4812e
root://eospublic.cern.ch//eos/opendata/cms/mc/RunIISummer20UL16NanoAODv9/WJetsToLNu_TuneCP5_13TeV-amcatnloFXFX-pythia8/NANOAODSIM/106X_mcRun2_asymptotic_v17-v2/260000/84A72588-4365-9144-8BC9-2E97944A46C1.root	1062374065	adler32:a4d1a9b2
root://eospublic.cern.ch//eos/opendata/cms/mc/RunIISummer20UL16NanoAODv9/WJetsToLNu_TuneCP5_13TeV-amcatnloFXFX-pythia8/NANOAODSIM/106X_mcRun2_asymptotic_v17-v2/260000/BBABCE8F-DAAE-4A46-889B-F03572121997.root	929083021	adler32:da98167f
root://eospublic.cern.ch//eos/opendata/cms/mc/RunIISummer20UL16NanoAODv9/WJetsToLNu_TuneCP5_13TeV-amcatnloFXFX-pythia8/NANOAODSIM/106X_mcRun2_asymptotic_v17-v2/260000/F793234B-8546-964A-ABE3-FD3AF45F28E6.root	839632917	adler32:d7d13eb1
root://eospublic.cern.ch//eos/opendata/cms/mc/RunIISummer20UL16NanoAODv9/WJetsToLNu_TuneCP5_13TeV-amcatnloFXFX-pythia8/NANOAODSIM/106X_mcRun2_asymptotic_v17-v2/260000/FB9604AC-60CF-4548-90C6-B0891A9AC390.root	1039001430	adler32:c874bee4
root://eospublic.cern.ch//eos/opendata/cms/mc/RunIISummer20UL16NanoAODv9/WJetsToLNu_TuneCP5_13TeV-amcatnloFXFX-pythia8/NANOAODSIM/106X_mcRun2_asymptotic_v17-v2/260000/FCA31676-D67C-5142-BA0E-1A032EABFB83.root	1036366206	adler32:f1a3279f
root://eospublic.cern.ch//eos/opendata/cms/mc/RunIISummer20UL16NanoAODv9/WJetsToLNu_TuneCP5_13TeV-amcatnloFXFX-pythia8/NANOAODSIM/106X_mcRun2_asymptotic_v17-v2/270000/1439518F-091B-E644-9C3B-D5BE53D99A6B.root	1391116716	adler32:4644baa5
root://eospublic.cern.ch//eos/opendata/cms/mc/RunIISummer20UL16NanoAODv9/WJetsToLNu_TuneCP5_13TeV-amcatnloFXFX-pythia8/NANOAODSIM/106X_mcRun2_asymptotic_v17-v2/270000/17B37D19-626D-6549-A0C8-4BB0568A5194.root	1023863872	adler32:6ff945ac
root://eospublic.cern.ch//eos/opendata/cms/mc/RunIISummer20UL16NanoAODv9/WJetsToLNu_TuneCP5_13TeV-amcatnloFXFX-pythia8/NANOAODSIM/106X_mcRun2_asymptotic_v17-v2/270000/1F66C2F1-DEC6-284A-9E7B-3608D2C530F9.root	1869916814	adler32:163467a0
root://eospublic.cern.ch//eos/opendata/cms/mc/RunIISummer20UL16NanoAODv9/WJetsToLNu_TuneCP5_13TeV-amcatnloFXFX-pythia8/NANOAODSIM/106X_mcRun2_asymptotic_v17-v2/270000/34BD593F-C2EA-D94E-B203-7C19F76D808C.root	945600708	adler32:b3c23e96
root://eospublic.cern.ch//eos/opendata/cms/mc/RunIISummer20UL16NanoAODv9/WJetsToLNu_TuneCP5_13TeV-amcatnloFXFX-pythia8/NANOAODSIM/106X_mcRun2_asymptotic_v17-v2/270000/3A51BEEB-633A-1643-9F01-3DB099FBC384.root	1343627003	adler32:398abf5b
root://eospublic.cern.ch//eos/opendata/cms/mc/RunIISummer20UL16NanoAODv9/WJetsToLNu_TuneCP5_13TeV-amcatnloFXFX-pythia8/NANOAODSIM/106X_mcRun2_asymptotic_v17-v2/270000/4ACBFAC4-2703-CE41-903A-9F5BDDB37024.root	433847673	adler32:b32073d5
root://eospublic.cern.ch//eos/opendata/cms/mc/RunIISummer20UL16NanoAODv9/WJetsToLNu_TuneCP5_13TeV-amcatnloFXFX-pythia8/NANOAODSIM/106X_mcRun2_asymptotic_v17-v2/270000/4FBC9210-5099-5844-A906-74DBDDB33ED3.root	1089491365	adler32:268519c7
root://eospublic.cern.ch//eos/opendata/cms/mc/RunIISummer20UL16NanoAODv9/WJetsToLNu_TuneCP5_13TeV-amcatnloFXFX-pythia8/NANOAODSIM/106X_mcRun2_asymptotic_v17-v2/270000/8691FE8E-DF4A-314D-98C1-0C6FE1F8F935.root	1325737200	adler32:f217a16f
root://eospublic.cern.ch//eos/opendata/cms/mc/RunIISummer20UL16NanoAODv9/WJetsToLNu_TuneCP5_13TeV-amcatnloFXFX-pythia8/NANOAODSIM/106X_mcRun2_asymptotic_v17-v2/270000/B742A992-BFA1-1043-BA49-5521E6D46AFE.root	936841259	adler32:3b905d78
root://eospublic.cern.ch//eos/opendata/cms/mc/RunIISummer20UL16NanoAODv9/WJetsToLNu_TuneCP5_13TeV-amcatnloFXFX-pythia8/NANOAODSIM/106X_mcRun2_asymptotic_v17-v2/270000/E4605552-5B9E-1143-BA7C-9ACD845A6538.root	1781850984	adler32:529239a3
root://eospublic.cern.ch//eos/opendata/cms/mc/RunIISummer20UL16NanoAODv9/WJetsToLNu_TuneCP5_13TeV-amcatnloFXFX-pythia8/NANOAODSIM/106X_mcRun2_asymptotic_v17-v2/270000/FFFD8AF0-5E64-2642-B93F-26DEAF933749.root	1241828557	adler32:3eac7647
