root://eospublic.cern.ch//eos/opendata/cms/mc/RunIISummer20UL16NanoAODv9/WW_TuneCP5_13TeV-pythia8/NANOAODSIM/106X_mcRun2_asymptotic_v17-v1/130000/06EB69E5-1BCE-8043-9EF5-8F7ECCAC06D3.root	2362302212	adler32:47f68ed5
root://eospublic.cern.ch//eos/opendata/cms/mc/RunIISummer20UL16NanoAODv9/WW_TuneCP5_13TeV-pythia8/NANOAODSIM/106X_mcRun2_asymptotic_v17-v1/130000/5D6513E1-11EF-E94A-9017-26A922DB98CD.root	1872291002	adler32:3739c84c
root://eospublic.cern.ch//eos/opendata/cms/mc/RunIISummer20UL16NanoAODv9/WW_TuneCP5_13TeV-pythia8/NANOAODSIM/106X_mcRun2_asymptotic_v17-v1/130000/5E4C1FAF-10D1-6C4C-AF24-4E132CD6B314.root	6429315	adler32:855b3321
root://eospublic.cern.ch//eos/opendata/cms/mc/RunIISummer20UL16NanoAODv9/WW_TuneCP5_13TeV-pythia8/NANOAODSIM/106X_mcRun2_asymptotic_v17-v1/130000/6293AD3A-A82A-E04F-AE70-600B05FB887E.root	6444659	adler32:5a6c8b0c
root://eospublic.cern.ch//eos/opendata/cms/mc/RunIISummer20UL16NanoAODv9/WW_TuneCP5_13TeV-pythia8/NANOAODSIM/106X_mcRun2_asymptotic_v17-v1/130000/62F1A75E-7D3C-CB44-B97E-EBCA6814304E.root	19444589	adler32:78ff74aa
root://eospublic.cern.ch//eos/opendata/cms/mc/RunIISummer20UL16NanoAODv9/WW_TuneCP5_13TeV-pythia8/NANOAODSIM/106X_mcRun2_asymptotic_v17-v1/130000/8CADD92E-F03E-DE4C-AC6D-3E3062BFE1E1.root	33190329	adler32:ed972b6d
root://eospublic.cern.ch//eos/opendata/cms/mc/RunIISummer20UL16NanoAODv9/WW_TuneCP5_13TeV-pythia8/NANOAODSIM/106X_mcRun2_asymptotic_v17-v1/130000/A4F28DF3-264A-0A42-959B-A472713D724B.root	2017243950	adler32:a41668ac
root://eospublic.cern.ch//eos/opendata/cms/mc/RunIISummer20UL16NanoAODv9/WW_TuneCP5_13TeV-pythia8/NANOAODSIM/106X_mcRun2_asymptotic_v17-v1/130000/C6F0151F-4548-324D-AC60-D4B87865A026.root	789690986	adler32:055787d1
root://eospublic.cern.ch//eos/opendata/cms/mc/RunIISummer20UL16NanoAODv9/WW_TuneCP5_13TeV-pythia8/NANOAODSIM/106X_mcRun2_asymptotic_v17-v1/130000/E7FE7CD3-35B0-8D4C-8FA8-F1D04BAB3DF9.root	5312041	adler32:c8228f73
root://eospublic.cern.ch//eos/opendata/cms/mc/RunIISummer20UL16NanoAODv9/WW_TuneCP5_13TeV-pythia8/NANOAODSIM/106X_mcRun2_asymptotic_v17-v1/130000/E994057D-7097-C64E-9924-458DE4592E06.root	1773174072	adler32:5d8992bb
root://eospublic.cern.ch//eos/opendata/cms/mc/RunIISummer20UL16NanoAODv9/WW_TuneCP5_13TeV-pythia8/NANOAODSIM/106X_mcRun2_asymptotic_v17-v1/270000/305CC7DE-D763-1549-9E23-E11C5EEB7B9A.root	132801056	adler32:220690b2
root://eospublic.cern.ch//eos/opendata/cms/mc/RunIISummer20UL16NanoAODv9/WW_TuneCP5_13TeV-pythia8/NANOAODSIM/106X_mcRun2_asymptotic_v17-v1/270000/3389C038-6769-614D-88C8-5AD641A8FEF3.root	112995004	adler32:4845c574
root://eospublic.cern.ch//eos/opendata/cms/mc/RunIISummer20UL16NanoAODv9/WW_TuneCP5_13TeV-pythia8/NANOAODSIM/106X_mcRun2_asymptotic_v17-v1/270000/36DC51D6-F963-924E-96C7-0E7AB60DE6DB.root	186705355	adler32:16cb5cb0
root://eospublic.cern.ch//eos/opendata/cms/mc/RunIISummer20UL16NanoAODv9/WW_TuneCP5_13TeV-pythia8/NANOAODSIM/106X_mcRun2_asymptotic_v17-v1/270000/391BA26B-517E-864A-A2D7-D8C137E8CAFA.root	207466281	adler32:a1e567c2
root://eospublic.cern.ch//eos/opendata/cms/mc/RunIISummer20UL16NanoAODv9/WW_TuneCP5_13TeV-pythia8/NANOAODSIM/106X_mcRun2_asymptotic_v17-v1/270000/3E13C304-18DE-BA44-98EC-9F461B52A8F8.root	11214113	adler32:8b534283
root://eospublic.cern.ch//eos/opendata/cms/mc/RunIISummer20UL16NanoAODv9/WW_TuneCP5_13TeV-pythia8/NANOAODSIM/106X_mcRun2_asymptotic_v17-v1/270000/696C2ACD-470C-2947-87F9-AC2062E6C70B.root	194669555	adler32:1de22870
root://eospublic.cern.ch//eos/opendata/cms/mc/RunIISummer20UL16NanoAODv9/WW_TuneCP5_13TeV-pythia8/NANOAODSIM/106X_mcRun2_asymptotic_v17-v1/270000/75613109-CB8B-544B-B200-97182AF2F55C.root	841099445	adler32:f48e6fec
root://eospublic.cern.ch//eos/opendata/cms/mc/RunIISummer20UL16NanoAODv9/WW_TuneCP5_13TeV-pythia8/NANOAODSIM/106X_mcRun2_asymptotic_v17-v1/270000/887C6636-310A-DB49-9231-0EAEC00EED00.root	100077690	adler32:e6c58426
root://eospublic.cern.ch//eos/opendata/cms/mc/RunIISummer20UL16NanoAODv9/WW_TuneCP5_13TeV-pythia8/NANOAODSIM/106X_mcRun2_asymptotic_v17-v1/270000/9B1FCCEF-90D5-164E-B9EB-D7F2EFFFD1D0.root	3847114	adler32:3a968e44
root://eospublic.cern.ch//eos/opendata/cms/mc/RunIISummer20UL16NanoAODv9/WW_TuneCP5_13TeV-pythia8/NANOAODSIM/106X_mcRun2_asymptotic_v17-v1/270000/AC69F79A-1AE2-F541-AE26-9E06D24C857F.root	188890162	adler32:a7ad4e2f
root://eospublic.cern.ch//eos/opendata/cms/mc/RunIISummer20UL16NanoAODv9/WW_TuneCP5_13TeV-pythia8/NANOAODSIM/106X_mcRun2_asymptotic_v17-v1/270000/B2785B40-B60E-9E40-A3C7-EAAB415994EF.root	43974463	adler32:b738e9b4
root://eospublic.cern.ch//eos/opendata/cms/mc/RunIISummer20UL16NanoAODv9/WW_TuneCP5_13TeV-pythia8/NANOAODSIM/106X_mcRun2_asymptotic_v17-v1/270000/CA784762-3CC7-8F4A-A14C-730078588A6D.root	1416257622	adler32:cdf44ea8
root://eospublic.cern.ch//eos/opendata/cms/mc/RunIISummer20UL16NanoAODv9/WW_TuneCP5_13TeV-pythia8/NANOAODSIM/106X_mcRun2_asymptotic_v17-v1/270000/D56C6B7D-6901-5843-B3FB-1E7FF7B10034.root	9735168	adler32:8beaac26
root://eospublic.cern.ch//eos/opendata/cms/mc/RunIISummer20UL16NanoAODv9/WW_TuneCP5_13TeV-pythia8/NANOAODSIM/106X_mcRun2_asymptotic_v17-v1/270000/DF12CE78-09B9-1C41-8C9A-8ADEB1C9A6C6.root	101030151	adler32:66db84d3
root://eospublic.cern.ch//eos/opendata/cms/mc/RunIISummer20UL16NanoAODv9/WW_TuneCP5_13TeV-pythia8/NANOAODSIM/106X_mcRun2_asymptotic_v17-v1/270000/EA02B6AF-EB25-8044-A9C1-51DB1BEE9BB9.root	1693728519	adler32:c727f652
root://eospublic.cern.ch//eos/opendata/cms/mc/RunIISummer20UL16NanoAODv9/WW_TuneCP5_13TeV-pythia8/NANOAODSIM/106X_mcRun2_asymptotic_v17-v1/270000/EB86D5D5-42D8-1846-9C30-5D6012B50ECD.root	9692186	adler32:75d60308
root://eospublic.cern.ch//eos/opendata/cms/mc/RunIISummer20UL16NanoAODv9/WW_TuneCP5_13TeV-pythia8/NANOAODSIM/106X_mcRun2_asymptotic_v17-v1/280000/108F20B7-D984-E042-B6E0-BF4E9487C72A.root	13508594	adler32:ba026a78
root://eospublic.cern.ch//eos/opendata/cms/mc/RunIISummer20UL16NanoAODv9/WW_TuneCP5_13TeV-pythia8/NANOAODSIM/106X_mcRun2_asymptotic_v17-v1/280000/3632C120-0EC3-674D-8B82-A5DB242B74E0.root	1362163670	adler32:74c36bb7
root://eospublic.cern.ch//eos/opendata/cms/mc/RunIISummer20UL16NanoAODv9/WW_TuneCP5_13TeV-pythia8/NANOAODSIM/106X_mcRun2_asymptotic_v17-v1/280000/3A39DD9B-EE4F-EE48-A726-636FF2174C7F.root	101309375	adler32:2237be11
root://eospublic.cern.ch//eos/opendata/cms/mc/RunIISummer20UL16NanoAODv9/WW_TuneCP5_13TeV-pythia8/NANOAODSIM/106X_mcRun2_asymptotic_v17-v1/280000/3FAAE9C7-7978-AB4C-A1F5-91B230AC9AC2.root	15649778	adler32:f3138764
root://eospublic.cern.ch//eos/opendata/cms/mc/RunIISummer20UL16NanoAODv9/WW_TuneCP5_13TeV-pythia8/NANOAODSIM/106X_mcRun2_asymptotic_v17-v1/280000/5A576653-0181-EC43-84E6-E268FE137369.root	22775135	adler32:b3a7a568
root://eospublic.cern.ch//eos/opendata/cms/mc/RunIISummer20UL16NanoAODv9/WW_TuneCP5_13TeV-pythia8/NANOAODSIM/106X_mcRun2_asymptotic_v17-v1/280000/6ECDB3A0-C4ED-C44F-B4C3-6B81658BEEFE.root	7522479	adler32:6d9f416b
root://eospublic.cern.ch//eos/opendata/cms/mc/RunIISummer20UL16NanoAODv9/WW_TuneCP5_13TeV-pythia8/NANOAODSIM/106X_mcRun2_asymptotic_v17-v1/280000/8306B110-9AA2-6D40-8881-84332A2D0B60.root	298126415	adler32:5376899e
root://eospublic.cern.ch//eos/opendata/cms/mc/RunIISummer20UL16NanoAODv9/WW_TuneCP5_13TeV-pythia8/NANOAODSIM/106X_mcRun2_asymptotic_v17-v1/280000/833C89BE-BA2F-7A40-9D90-46F35459FB6D.root	11210871	adler32:923c0be1
root://eospublic.cern.ch//eos/opendata/cms/mc/RunIISummer20UL16NanoAODv9/WW_TuneCP5_13TeV-pythia8/NANOAODSIM/106X_mcRun2_asymptotic_v17-v1/280000/CC93B599-B68C-0042-8791-202300F8CAA7.root	13457603	adler32:1c01bda1
root://eospublic.cern.ch//eos/opendata/cms/mc/RunIISummer20UL16NanoAODv9/WW_TuneCP5_13TeV-pythia8/NANOAODSIM/106X_mcRun2_asymptotic_v17-v1/280000/E0935213-12DA-314F-A571-EE48D942968F.root	29842589	adler32:838af1b0
root://eospublic.cern.ch//eos/opendata/cms/mc/RunIISummer20UL16NanoAODv9/WW_TuneCP5_13TeV-pythia8/NANOAODSIM/106X_mcRun2_asymptotic_v17-v1/280000/E4D7B5B0-B1AB-9B49-B003-FCCCA588E196.root	8675489	adler32:507a7952
root://eospublic.cern.ch//eos/opendata/cms/mc/RunIISummer20UL16NanoAODv9/WW_TuneCP5_13TeV-pythia8/NANOAODSIM/106X_mcRun2_asymptotic_v17-v1/280000/FDBA4AE0-06DA-1B4F-B3B3-21E1044F5186.root	1231927752	adler32:a00f7f99
root://eospublic.cern.ch//eos/opendata/cms/mc/RunIISummer20UL16NanoAODv9/WW_TuneCP5_13TeV-pythia8/NANOAODSIM/106X_mcRun2_asymptotic_v17-v1/70000/2E8B8B37-E6F6-9E45-BEF3-4D89CCBCCA00.root	760294234	adler32:687663eb
root://eospublic.cern.ch//eos/opendata/cms/mc/RunIISummer20UL16NanoAODv9/WW_TuneCP5_13TeV-pythia8/NANOAODSIM/106X_mcRun2_asymptotic_v17-v1/70000/5799A6E1-3BA9-3048-915C-E5EDAAED2EE3.root	446425433	adler32:90ad1e7c
root://eospublic.cern.ch//eos/opendata/cms/mc/RunIISummer20UL16NanoAODv9/WW_TuneCP5_13TeV-pythia8/NANOAODSIM/106X_mcRun2_asymptotic_v17-v1/70000/BAF56953-DC03-F848-BEC8-AF151D08FE3F.root	179805464	adler32:da6a2a94
